Product Name,Product Description,Category,Energy,Saturates,Carbohydrate,Sugars,Salt
Kellogg's Rice Krispies Breakfast Cereal 1kg,Toasted Rice Cereal Fortified with Vitamins and Minerals.,cereal,389,0.4,86,7.9,1
"Sainsbury's Berry Hooplas, Summer Edition 375g","Coated cereal extrudate with natural strawberry and raspberry flavourings, fortified with vitamins and iron",cereal,395,0.9,85,23.4,0.41
"Sainsbury's  Peach Melba Granola, Summer Edition 500g",A blend of honey toasted wholegrain oats with a peach flavour and freeze-dried raspberries,cereal,437,2.4,64.2,14.9,0.03
Kellogg's Special K Original Breakfast Cereal 750g,"Crunchy Rice, Wholewheat and Barley Flakes Fortified with Vitamins and Minerals.",cereal,392,0.3,84,15,1
Kellogg's Crunchy Nut Breakfast Cereal 1kg,"Toasted Flakes of Corn with Sugar, Peanuts and Honey, Fortified with Vitamins and Minerals.",cereal,398,0.7,82,35,0.75
Sainsbury's Multigrain Hoops Cereal 375g,"Sugar coated wheat, oat, barley, maize and rice hoops, fortified with vitamins and iron.",cereal,382,0.2,74.9,15.6,0.42
Kellogg's Frosties Breakfast Cereal 500g,Sugar Frosted Flakes of Corn.,cereal,375,0.1,87,37,0.83
Nestle Shredded Wheat Bitesize Cereal 720g,100% Whole Grain Wheat Cereal Biscuits,cereal,367,0.5,68.7,0.7,0.05
Kellogg's Rice Krispies Breakfast Cereal 700g,Toasted Rice Cereal,cereal,387,0.4,86,7.9,1
Kellogg's Crunchy Nut Breakfast Cereal 720g,"Golden Flakes of Corn with Sugar, Peanuts and Honey.",cereal,398,0.7,82,35,0.75
Kellogg's Special K Red Berries Breakfast Cereal 500g,"Crunchy Rice, Wholewheat And Barley Flakes With Freeze Dried Red Fruits, Fortified With Vitamins and Minerals.",cereal,376,0.3,79,17,0.95
Shredded Wheat Cereal Biscuits x30,100% Whole Grain Wheat Cereal Biscuits,cereal,360,0.5,66.7,0.7,0.05
Kellogg's Crunchy Nut Breakfast Cereal 375g,"Golden Flakes of Corn with Sugar, Peanuts and Honey.",cereal,398,0.7,82,35,0.75
Weetabix Weetos Chocolatey Cereal 500g,Chocolate Flavour Crunchy Wheat Hoops Fortified with Vitamins & Iron.,cereal,386,0.7,75,19,0.2
Kellogg's Rice Krispies Breakfast Cereal 375g,Toasted Rice Cereal.,cereal,387,0.4,86,7.9,1
Kellogg's Rice Krispies Multigrain Shapes Breakfast Cereal 350g,"Toffee Flavour Rice, Wholegrain Oat & Maize Cereal Shapes.",cereal,382,0.6,78,15,0.18
Sainsbury's Balance Cereal 500g,Toasted rice and wheat cereal flakes fortified with vitamins and iron,cereal,375,0.3,83.1,12.3,0.54
Nestle Curiously Cinnamon Cereal 375g,Fortified Toasted Squares of Whole Wheat and Rice with Sugar and Cinnamon,cereal,422,1.1,74.1,25,0.88
Kellogg's Wheats Blueberry Breakfast Cereal 500g,Shredded Wholewheat with a Blueberry Flavoured Filling.,cereal,374,0.3,78,15,0.04
Kellogg's Cereal Variety Pack x8 185g,"Rice Krispies - Toasted rice cereal
Frosties - Sugar Coated Flakes of Corn
Corn Flakes - Toasted flakes of golden corn
Coco Pops - Chocolate Flavour Toasted Rice
Rice Krispies Multi-Grain Shapes - Sweetened Rice, Wholegrain Oat & Maize Cereal Shapes",cereal,1626,0.2,87,10,1.13
Weetabix Oatibix Flakes Golden Oat Flakes Cereal 550g,Wholegrain oat and oat bran flakes fortified with vitamins and iron.,cereal,405,1.4,67,14,0.28
Weetabix Oatibix Cereal x24,Wholegrain oat cereal and added vitamins. 24 Biscuits.,cereal,390,1.3,63,4.8,0.23
Kellogg's Coco Pops?Breakfast Cereal 720g,Chocolate Flavour Toasted Rice.,cereal,382,0.9,84,17,0.65
Nestle Honey Cheerios Cereal 515g,Fortified Mixed Whole Grain Sweetened Cerealo Os with Honey,cereal,380,0.8,73.4,22.3,0.67
Kellogg's Crunchy Nut Honey & Nut Clusters Breakfast Cereal 450g,"Crunchy Multi-Grain Cereal, Peanut & Honey Clusters with Milk Chocolate Curls.",cereal,460,5,67,31,0.83
Kellogg's Krave Milk Chocolate Cereal 410g,"Wheat, Oat, and Rice Pillow containing a Milk Chocolate Flavoured Filling.",cereal,441,4,70,28,0.95
Kellogg's Wheats Apricot Breakfast Cereal 500g,Shredded Wholewheat with an Apricot Flavoured Filling.,cereal,372,0.3,77,12,0.04
Kellogg?s Frosted Wheats Cereal 500g,Shredded Wholewheat with Sugar Topping.,cereal,364,0.6,72,17,0.03
Kellogg?s Raisin Wheats Cereal 450g,No Added Sugar Shredded Wholewheat with a Raisin Centre.,cereal,328,0.2,71,13,0.01
Kellogg's Special K Red Berries Breakfast Cereal 330g,"Crunchy Rice, Wholewheat and Barley Flakes with Freeze Dried Red Fruits.",cereal,376,0.3,79,17,0.95
Nestle Nesquik Chocolate Cereal 375g,Chocolate Flavoured Fortified Wheat and Maize Cereal,cereal,380,0.6,75.2,22.4,0.22
Sainsbury's Choco Hazelnut Squares Cereal 375g,"Crispy cereal pillows with a chocolate flavoured and hazelnut filling, fortified with vitamins & iron",cereal,425,2.2,65,19.4,0.41
Sainsbury's Puffed Wheat Cereal 160g,Unsweetened puffed wheat cereal,cereal,376,0.6,69.6,0.6,0.01
Sainsbury's Choco Hoops Cereal 375g,"Wheat and rice hoops, fortified with vitamins and iron, coated with chocolate flavoured syrup",cereal,377,1.3,73.2,19.7,0.15
Kellogg's Coco Pops Cereal 375g,Chocolate Flavour Toasted Rice.,cereal,382,0.9,84,17,0.65
Nestle Shredded Wheat Honey Nut Cereal 500g,Bitesize Wholegrain Wheat Cereal Biscuits with a Topping of Honey & Chopped Nuts,cereal,387,1.2,67.8,15.1,0.04
Sainsbury's Frosted Flakes Cereal 500g,"Crunchy sweetened Cornflakes, fortified with vitamins and iron",cereal,396,0.6,90.1,26.9,0.7
Kellogg's Krave Chocolate Hazelnut Cereal 410g,"Wheat, Oat, and Rice Pillow containing a Chocolate and Hazelnut Flavoured Filling.",cereal,450,4,68,29,1.1
Kellogg's Special K Peach & Apricot Cereal 360g,"Crunchy Rice, Wholewheat and Barley Flakes with Freeze Dried Peach and Apricot.",cereal,373,0.3,79,19,0.95
Sainsbury's Honey Hoops Cereal 375g,"Multigrain hoops coated with a honey and sugar syrup, fortified with vitamins and iron.",cereal,378,0.4,76,18.4,0.43
Kellogg's Special K Original Breakfast Cereal 375g,"Crunchy Rice, Wholewheat and Barley Flakes Fortified with Vitamins and Minerals.",cereal,392,0.3,84,15,1
Kellogg's Coco Pops Rocks Breakfast Cereal 350g,Crispy Cocoa Maize Cereal with Multi-Grain Cereal Pillows (40%) Lined with Chocolate Flavour Filling.,cereal,407,2.7,75,25,0.73
Kellogg's Frosties Breakfast Cereal 1kg,Sugar Frosted Flakes of Corn.,cereal,375,0.1,87,37,0.83
Cookie Crisp Chocolatey Chip Cookie Cereal 500g,Fortified Crispy Wheat and Maize Cereal with Chocolate Flavour Chips,cereal,393,0.9,77,22,0.66
"Sainsbury's Mini Cinnamon Buns Cereal, Limited Edition 375g",Coated whole grain wheat and oat extrudate with cinnamon fortified with vitamins and iron,cereal,380,0.5,77.7,21.1,0.63
Nestle Cheerios Honey Cereal 375g,Fortified Mixed Whole Grain Sweetened Cereal Os with Honey,cereal,380,0.8,73.4,22.3,0.67
Kellogg's Special K Oats & Honey Cereal 420g,"Crunchy Honey, Rice, Wholewheat and Barley Flakes with Oats & Brown Rice.",cereal,381,0.5,77,18,0.63
Kellogg's Coco Pops Breakfast Cereal 1kg,"Chocolate Flavour Toasted Rice, Fortified with Vitamins and Minerals.",cereal,386,0.9,84,17,0.65
Kellogg's Plain Wheats Cereal 500g,No Added Sugar Shredded Wholewheat.,cereal,397,0.4,78,0.9,0
Kellogg's Special K Milk Chocolate Cereal 360g,"Crunchy Rice, Wholewheat and Barley Flakes with Milk Chocolate Curls.",cereal,396,2.5,77,22,0.85
Weetabix Melts Milk Chocolate Cereal 360g,Wholegrain Wheat Cereal with Milk Chocolate Flavoured Filling Fortified with Vitamins & Iron.,cereal,424,3,59,18,0.2
Kellogg?s Choco Wheats Cereal 480g,Shredded Wholewheat with a Chocolate Filling.,cereal,392,4.5,65,19,0.05
Lucky Charms Cup Frosted Toasted Oat Cereal with Marshmallows 48g,Frosted Toasted Oat Cereal with Marshmallows,cereal,388,0,75.5,38.7,1.6
"Sainsbury's Under the Sea Cereal Strawberry Flavour Stars & Fish, Summer Edition 375g","Coated cereal extrudates with natural strawberry flavouring, fortified with vitamins and iron",cereal,391,0.7,79.3,21.6,0.27
BEAR Alphabites Cocoa Cereal 350g,"Delicious breakfast cereal with wheat, corn, oats and cocoa",cereal,387,0.8,78,12,0.13
Nat Bears Chocolate Cereal 6x32g,Whole Oat Cereals Ready-to-Eat with Chocolate,cereal,433,2.7,68.5,16.6,0.03
BEAR Alphabites Multigrain Cereal 350g,"Delicious breakfast cereal with wheat, corn, oats and cocoa",cereal,375,0.5,74,12,0.04
Kellogg's Krave Cookies & Cream Cereal 410g,"Chocolate Flavour Mixed Cereal Pillows Containing a Cream Flavoured Filling, Fortified with Vitamins.",cereal,420,3.4,70,26,1
Nat Bears Honey Cereal 6x32g,Whole Oat Cereals Ready-To-Eat with Honey,cereal,436,1.4,70.1,14.7,0.03
Kellogg's Crunchy Nut Not So Nutty! Granola 600g,Crunchy Oat Clusters.,cereal,481,11,60,19,0.85
Kellogg's Corn Flakes Breakfast Cereal 1kg,Toasted Flakes of Golden Corn.,cereal,378,0.2,84,8,1.13
Nat Bears Honey Cereal 6x32g,Whole Oat Cereals Ready-To-Eat with Honey,cereal,436,1.4,70.1,14.7,0.03
Kellogg's Special K Cereal 30g,"Crunchy rice, wholewheat and barley flakes.",cereal,375,0.3,79,15,1
Shreddies The Original 460g,Whole Wheat Fortified Malted Cereal,cereal,364,0.3,70.1,12.5,0.72
Shreddies The Original 910g,Whole Wheat Fortified Malted Cereal,cereal,364,0.3,70.1,12.5,0.72
Cheerios Multigrain 700g,Fortified Mixed Whole Grain Sweetened Cereal Os,cereal,384,0.9,71,17.6,0.83
Sainsbury's Rice Pops 375g,Puffed rice fortified with vitamins & iron,cereal,386,0.3,85.5,7,0.53
Sainsbury's Choco Rice Pops 375g,Puffed rice fortified with vitamins and iron with a milk chocolate flavour coating,cereal,395,1.5,85,28,0.66
Cheerios Multigrain 390g,Fortified Mixed Whole Grain Sweetened Cereal Os,cereal,384,0.9,71,17.6,0.83
Kellogg's Rice Krispies Squares Marshmallow Snack Bars 4x28g,Crispy grains of toasted rice cereal covered in chewy melted marshmallow.,cereal,424,7,76,32,0.75
Kellogg's Rice Krispies Squares Delightfully Chocolatey Snack Bars 4x36g,Crispy grains of toasted rice cereal and milk chocolate chunks with a chocolate flavour coating.,cereal,432,10,74,35,0.63
Shreddies The Frosted One 560g,Sugar Frosted Fortified Whole Wheat Malted Cereal,cereal,370,0.3,74.7,22.4,0.64
Shreddies The Coco One 560g,Cocoa Flavoured Fortified Whole Wheat Malted Cereal,cereal,369,0.8,72.3,22.2,0.61
Gofree Gluten Free Corn Flakes 500g,Gluten-Free Flakes of Toasted Corn Fortified with Vitamins and Iron,cereal,385,0.3,85.1,8.3,0.96
Shredded Wheat Red Berries & Vanilla Flavour 450g,"Bitesize Wholegrain Wheat Cereal Biscuits with Strawberry, Raspberry, Cranberry & Vanilla Flavour Filling",cereal,350,0.3,72.4,16.2,0.07
Kelloggs Crunchy Nut Bites Honey & Nut Flavour 375g,"Mixed Cereal Pillows Containing a Hazelnut and Honey Flavoured Filling, Fortified with Vitamins.",cereal,447,3.7,71,27,0.66
Shredded Wheat Bitesize 370g,100% Whole Grain Wheat Cereal Biscuits,cereal,367,0.5,68.7,0.7,0.05
Shreddies The Simple One 460g,Whole Wheat Cereal,cereal,365,0.3,68.9,4.2,0.29
Curiously Cinnamon Churros 360g,Fortified Toasted of Whole Wheat and Rice with Sugar and Cinnamon,cereal,395,0.7,75.8,24.8,1
Kellogg's Krave Milk Chocolate 850g,"Wheat, Oat, and Rice Pillow Containing a Milk Chocolate Flavoured Filling",cereal,441,4,70,28,0.95
Kellogg's Krave Chocolate Hazelnut 850g,"Wheat, Oat, and Rice Pillow Containing a Chocolate and Hazelnut Flavoured Filling.",cereal,450,4,68,29,1.13
Sainsbury's Deliciously Free From Choco Rice Pops 300g,Puffed rice coated in cocoa and fortified with vitamins and iron,cereal,385,0.7,86.1,22.6,0.28
Kellogg?s Rice Krispies Multigrain Shapes Kids Blueberry & Apple 350g,"Apple (7.5%), Beetroot (2.5%) and Blueberry(2%) Flavoured Multigrain Cereal Contains Naturally Occurring Sugars.",cereal,364,0.6,68,7.4,0.15
Kellogg?s Rice Krispies Multigrain Shapes Kids Strawberry & Apple 350g,"Apple (7%), Carrot (2%) and Strawberry (2%), Flavoured Multigrain Cereal Contains Naturally Occurring Sugars.",cereal,363,0.6,68,7.8,0.15
Nesquik Chocolate & Banana Flavoured Pillows 350g,"Fortified Wheat, Corn and Rice Chocolate Flavoured Pillow Shaped Cereal with Banana Flavour Filling.",cereal,430,1.5,68.9,22.4,0.21
Honey Monster Wheat Puffs 520g,"Puffed wheat sweetened with sugar and honey, fortified with vitamins and iron.",cereal,357,0.3,74,22,0.01
Kellogg's Crunchy Nut 35g,"Golden Flakes of Corn with Sugar, Peanuts and Honey.",cereal,398,0.7,82,35,0.75
Kellogg's Corn Flakes Breakfast Cereal 500g,Toasted Flakes of Golden Corn Fortified with Vitamins and Iron.,cereal,378,0.2,84,8,1.1
Weetabix Cereal x24,Whole Wheat Cereal with Added Vitamins & Iron. 24 Biscuits,cereal,362,0.6,69,4.2,0.28
Weetabix Cereal x48,Whole Wheat Cereal with Added Vitamins & Iron. 48 Biscuits,cereal,362,0.6,69,4.2,0.28
Kellogg's Fruit 'n Fibre Original Breakfast Cereal 700g,"Wholewheat Flakes with Raisins, Coconut, Banana, Apple And Hazelnuts.",cereal,380,3.5,69,24,1
Sainsbury's Wholewheat Biscuits Cereal x48 860g,48 Wholegrain wheat cereal biscuits fortified with vitamins and iron,cereal,358,0.6,68,4.4,0.28
Sainsbury's Cornflakes Cereal 500g,Cornflakes fortified with vitamins and iron,cereal,384,0.5,85.1,4.9,0.94
"Sainsbury's Wholewheat Biscuits, Cereal x24 430g",24 Wholegrain wheat cereal biscuits fortified with vitamins and iron,cereal,358,0.6,68,4.4,0.28
Kellogg's Bran Flakes Breakfast Cereal 750g,Bran Enriched Wheat Flakes.,cereal,359,0.4,65,14,0.68
Weetabix Cereal x12,Whole Wheat Cereal with Added Vitamins & Iron. 12 Biscuits,cereal,362,0.6,69,4.4,0.28
Kellogg's All-Bran Breakfast Cereal 750g,High-Fibre Wheat Bran Cereal.,cereal,334,0.7,48,18,0.95
Kellogg's Corn Flakes Breakfast Cereal 1kg,Toasted Flakes of Golden Corn.,cereal,378,0.2,84,8,1.13
Jordans Country Crisp With Strawberries Cereal 500g,Crisp cereal clusters with freeze dried strawberries.,cereal,433,1.8,66.8,20.7,0.03
Jordans Country Crisp With Chunky Nuts Cereal 500g,"Crisp cereal clusters with chopped & whole roasted hazelnuts, sliced & whole almonds, chopped brazil nuts and chopped pecan nuts",cereal,469,2.6,58.3,17.5,0.03
Sainsbury's Maple & Pecan Crisp Cereal 500g,"Clusters of oats, wheat and crisped rice with pecan nut pieces and maple syrup",cereal,451,4.4,65.2,18,0.03
Dorset Cereals Simply Fruity Muesli 630g,"A blend of rolled and toasted flakes with sweetened dried papaya and pineapple, sultanas and raisins.",cereal,349,0.6,68.4,20.1,0.05
Dorset Cereals Simply Nutty Muesli 560g,"A blend of rolled and toasted flakes with dates, hazelnuts, almonds, brazil nuts and sunflower seeds.",cereal,376,1.1,64.4,14.2,0.03
Kellogg's Corn Flakes Breakfast Cereal 250g,Toasted Flakes of Golden Corn.,cereal,378,0.2,84,8,1.13
Weetabix Chocolate Cereal x24 540g,Wholegrain Wheat Cereal with Chocolate Chips Fortified with Vitamins & Iron.,cereal,366,1.6,68,17,0.18
Sainsbury's Raspberry & Yogurt Crisp Cereal 500g,"Clusters of oats, wheat and crisped rice with yogurt flavoured chunks and freeze-dried raspberries",cereal,438,5,67.1,18.5,0.03
Dorset Cereals Simply Delicious Muesli 650g,"A blend of flakes with dried fruit, sunflower seeds and nuts.",cereal,368,1.1,61.5,14.7,0.03
Kellogg's Bran Flakes Cereal 500g,Bran Enriched Wheat Flakes Fortified with Vitamins and Minerals.,cereal,358,0.4,65,14,0.66
Kellogg's Coco Pops Breakfast Cereal Bars 6x20g,Chocolate Flavour Toasted Rice Cereal and Milk Bar.,cereal,420,9.5,69,27,0.38
Weetabix Crunchy Bran Cereal 375g,"High fibre cereal with wheat bran, wholegrain wheat & oat bran, fortified with vitamins, iron & calcium.",cereal,351,0.8,54,14,0.58
Weetabix Protein Cereal x24,Whole Wheat Cereal with Crispy Pieces and Added Vitamins and Iron. 24 Biscuits.,cereal,365,0.4,62,4.7,0.23
Kellogg's Just Right Cereal 500g,"A harmony of wholewheat, corn, and rice flakes with sultanas and slices almonds.",cereal,371,0.3,79,23,0.98
Dorset Cereals Gloriously Nutty Muesli 500g,"A blend of rolled and toasted flakes with whole almonds, cashew nuts, roasted hazelnuts and chopped brazil nuts with dried fruit and seeds.",cereal,415,2,54.4,8.4,0.03
Dorset Cereals Simply Oat Granola 550g,Gently baked oats with golden syrup and sunflower seeds.,cereal,466,2,58.7,16,0.2
Kellogg's Crunchy Nut Honey & Nut Clusters Cereal 450g,"Crunchy Multi-Grain Cereal, Peanut & Honey Clusters.",cereal,447,3,68,26,0.95
Dorset Cereals Honey Granola 500g,"Gently baked oats, nuts and seeds with honey.",cereal,524,3.3,43.2,13.5,0.05
Kellogg's All-Bran Golden Crunch Cereal 390g,Crunchy Wheat Bran and Mixed Cereals Pieces with a Caramel Flavour,cereal,407,1.2,63,21,0.83
Quaker Oat Crisp Original Cereal 375g,Light Crispy Pillows of Oat Cereal,cereal,375,1,58,11,0.84
Dorset Cereals Nutty Granola 500g,"Deliciously baked oats and golden syrup with almonds, hazelnuts and cashews.",cereal,496,3.8,49.3,12.1,0.11
Toblerone Milk Chocolate Bar 200g,Swiss milk chocolate with honey and almond nougat (10%).,chocolate,529,17,61,60,0.12
Cadbury Milk Tray Chocolate Box 530g,An assortment of chocolates.,chocolate,525,16,61,56,0.36
Sainsbury's Filled Chocolate Batons 130g,"White, dark and milk chocolate and white chocolate with caramelised sugar with hazelnut praline, caramel and vanilla flavoured centres.",chocolate,520,19.4,49.1,34.8,0.19
KitKat 2 Finger Milk Chocolate Biscuit Bar Multipack 9x20.7g,Nine bars of two crispy wafer fingers covered with milk chocolate (66%).,chocolate,502,13.4,62.3,49.4,0.22
KitKat Chunky Milk Chocolate Bar Multipack 4x40g,Four bars of crispy wafer fingers covered with thick milk chocolate (68%).,chocolate,506,13.8,61.7,50.1,0.22
Kit Kat 2 Finger Milk Chocolate Biscuit Bar Multipack 14x20.7g,Fourteen bars of two crispy wafer fingers covered with milk chocolate (66%).,chocolate,502,13.4,62.3,49.4,0.22
Cadbury Dairy Milk Freddo Chocolate Bar Multipack 6pk 108g,Milk chocolate.,chocolate,530,18.5,56.5,56,0.23
Kit Kat 2 Finger Dark Chocolate Biscuit Bar 9x20.7g,Nine bars of two crispy wafer fingers covered in dark chocolate (66%).,chocolate,500,13.9,58.7,44.8,0.04
Cadbury Dairy Milk Chocolate Bar 110g,Milk chocolate.,chocolate,534,18,57,56,0.24
Mars Chocolate Bars Multipack 4x39.4g,Milk chocolate with soft nougat (32%) and caramel centre (27%).,chocolate,448,8.1,69,60,0.4
Cadbury Dairy Milk Chocolate Bar Multipack x10 272g,Milk chocolate.,chocolate,534,18,57,56,0.24
Cadbury Twirl Chocolate Bar Multipack x4 136g,2 Milk chocolate fingers,chocolate,528,17,59,58,0.26
Aero Peppermint Mint Chocolate Bar Multipack x4 27g,Smooth milk chocolate filled with peppermint flavoured bubbles.,chocolate,531,17.1,61.6,60.8,0.25
Cadbury Wispa Chocolate Bar Multipack x4 111.6g,Textured milk chocolate bar.,chocolate,544,19,56,55,0.24
Cadbury Dairy Milk Little Chocolate Bars Multipacks x6 108g,Milk Chocolate.,chocolate,534,18,57,56,0.24
Snickers Chocolate Bars Multipack 4x41.7g,Milk chocolate (35%) with soft nougat (14%) and caramel centre (27%) with fresh roasted peanuts (24%).,chocolate,510,9.6,54,45,0.45
Lovett's Dark Chocolate 100g,Dark Chocolate,chocolate,526,17.6,56.5,50.3,0.01
Toffee Crisp Milk Chocolate Bar Multipack 4x38g,Toffee (18%) and Crisped Cereal (11%) Filled Milk Chocolate.,chocolate,521,17.7,63,50.3,0.18
Fry's Turkish Delight Chocolate Bar Multipack x3 153g,Turkish delight (76 %) covered with milk chocolate.,chocolate,363,3.8,74,64,0.36
Lindt Excellence Dark 70% Cocoa Chocolate Bar 100g,Extra fine dark chocolate,chocolate,2350,24,34,30,0
Cadbury Twirl Chocolate Bar Multipack x11 236.5g,Milk chocolate finger,chocolate,535,18,57,56,0.22
Cadbury Fudge Chocolate Bar Multipack 6pk 132g,Fudge covered with milk chocolate (24 %),chocolate,447,8,75,65,0.32
Cadbury Dairy Milk Chocolate Bar 360g,Milk chocolate.,chocolate,534,18,57,56,0.24
Cadbury Picnic Chocolate Bar Multipack x4 152g,"Milk chocolate with caramel (30 %), peanut (13 %), crispy cereal (10 %) & dried grapes (7 %) centre.",chocolate,2014,9.7,60,46,0.51
Cadbury Bournville Dark Chocolate Bar 180g,Chocolate.,chocolate,525,16,60,58,0
Green & Black's Organic 85% Dark Chocolate Bar 90g,Organic chocolate with 85 % cocoa solids.,chocolate,2512,30,24,14,0.13
Cadbury Dairy Milk Caramel Chocolate Bar Multipack x4 148g,Milk chocolate with caramel centre (37 %).,chocolate,486,13,62,48,0.4
Twix Chocolate Biscuit Snack Size Twin Bars Multipack 4 x 40g,Milk chocolate (35%) covered caramel (32%) and biscuit (26%),chocolate,493,13.7,64.9,49.1,0.41
Mars Chocolate Snack Size Bars Multipack 9x33.8g,Milk chocolate with soft nougat (32%) and caramel centre (27%).,chocolate,448,8.1,69,60,0.42
Cadbury Crunchie Chocolate Bar Multipack x4 128g,Milk chocolate with golden honeycombed centre (37 %).,chocolate,466,10,73,65,0.71
Yorkie Original Milk Chocolate Bar Multipack 3x46g,Chunky milk chocolate,chocolate,540,17.3,59.8,58.7,0.2
Lovett's Milk Chocolate 100g,Milk Chocolate,chocolate,524,17.1,60.3,56.8,0.18
Green & Black's Organic 70% Dark Chocolate Bar 90g,Organic chocolate with 70 % cocoa solids.,chocolate,2406,25,36,29,0.01
Sainsbury's Dark Chocolate 200g,Dark chocolate,chocolate,551,21.4,47.8,42.7,0.01
Kit Kat 4 Finger Milk Chocolate Bar Multipack x8 41.5g,Eight bars of four crispy wafer fingers covered with milk chocolate (66%).,chocolate,502,13.5,62.3,49.4,0.22
Galaxy Smooth Milk Chocolate Bars Multipack 4 x 42g,Milk chocolate.,chocolate,545,20,56,55,0.3
Cadbury Curly Wurly Chocolate Bar Multipack 6pk 129g,Milk chocolate with caramel centre (69 %).,chocolate,453,9.3,70,49,0.65
Cadbury Wispa Chocolate Bar Multipack x10 237g,Textured milk chocolate bar.,chocolate,544,19,56,55,0.24
Cadbury Double Decker Chocolate Bar Multipack x4 174.8g,"Milk chocolate with smooth, chewy nougat (41 %) and crisp, crunchy cereal (9 %) filling.",chocolate,456,8.6,72,55,0.2
Kit Kat 2 Finger?Orange Chocolate Biscuit Bar Multipack x14,Fourteen bars of two crispy wafer fingers covered in orange flavoured milk chocolate (66%).,chocolate,501,13.4,62.1,49.2,0.22
Cadbury Flake Chocolate Bar Multipack x4 102g,"The crumbliest, flakiest milk chocolate.",chocolate,521,16,60,59,0.26
Yorkie Raisin & Biscuit Milk Chocolate Bar Multipack x3 46g,Chunky milk chocolate with raisins (13%) and biscuits (4%),chocolate,508,14.3,61.9,58.3,0.23
Maltesers Chocolate Fun Size Bags 195g,Milk chocolate (73%) with a honeycombed centre (23%).,chocolate,503,15.1,61.6,51.7,0.45
Cadbury Dairy Milk Chocolate Bar Multipack x4 134g,Milk chocolate.,chocolate,534,18,57,56,0.24
Cadbury Dairy Milk Fruit & Nut Chocolate Bar 110g,Milk chocolate with dried grapes (18 %) and almonds (7 %).,chocolate,495,14.5,55.5,54.5,0.2
Cadbury Crunchie Chocolate Bar Multipack x10 261g,Milk chocolate with golden honeycombed centre (37 %).,chocolate,466,10,73,65,0.71
Snickers Chocolate Snack Size Bars Multipack 9x35.5g,Milk chocolate (35%) with soft nougat (14%) and caramel centre (27%) with fresh roasted peanuts (24%).,chocolate,510,9.6,54,45,0.45
Sainsbury's Chewy Caramel Chocolate Bars 5x36g,Soft nougat and caramel milk chocolate bar,chocolate,476,11.7,69.2,56.1,0.53
Kinder Chocolate Snack Bars Multipack 16x12.5g,Fine milk chocolate with a milky filling,chocolate,2360,22.6,53.5,53.3,0.313
Galaxy Ripple Chocolate Bars Multipack 4x33g,Milk chocolate with a rippled centre.,chocolate,528,17,59,58,0.32
Cadbury Dairy Milk Whole Nut Chocolate Bar 120g,Milk chocolate with hazelnuts (16 %).,chocolate,550,16.5,49,48,0.2
Lindt Excellence Dark Sea Salt Chocolate Bar 100g,Extra fine dark chocolate with sea salt.,chocolate,2205,20,50,48,0.31
Lindt Excellence Dark 90% Cocoa Chocolate Bar 100g,Extra fine dark chocolate,chocolate,2483,30,14,7,0
Galaxy Smooth Milk Chocolate Bar 110g,Milk chocolate.,chocolate,545,20,56,55,0.3
Twix Top Chocolate Biscuit Bars Multipack 10x21g,Biscuit topped with caramel (12%) and milk chocolate (26%).,chocolate,506,14,63,38,0.78
Kit Kat Chunky Milk Chocolate Bar Multipack x9 32g,Nine bars of crispy wafer fingers covered with thick milk chocolate (68%).,chocolate,506,14,62.6,52.7,0.23
Kellogg's Rice Krispies Squares Marshmallow Snack Bars 4x28g,Crispy grains of toasted rice cereal covered in chewy melted marshmallow.,chocolate,424,7,76,32,0.75
Kellogg's Rice Krispies Limited Edition Squares Chocolatey Orange Flavour Bars 4x36g,"Orange flavour, rice cereal bar with milk chocolate chunks and a chocolate flavour coating.",chocolate,454,8.6,74,37,0.56
Kellogg's Rice Krispies Squares Delightfully Chocolatey Snack Bars 4x36g,Crispy grains of toasted rice cereal and milk chocolate chunks with a chocolate flavour coating.,chocolate,432,10,74,35,0.63
Treat Kitchen Jelly Beans Bottle 450g,Fruit Flavoured Jelly Beans,chocolate,373,0.2,91.8,54.7,0.05
Lindt Excellence Dark Mint Chocolate Bar 100g,Fine dark chocolate with natural peppermint oil,chocolate,2239,19,52,47,0.1
Lindt Excellence Dark Orange Chocolate Bar 100g,Fine dark chocolate with orange juice and almond slivers,chocolate,2189,17,51,48,0.09
Kit Kat Chunky Milk Chocolate Bar Multipack x9 32g,Nine bars of crispy wafer fingers covered with thick milk chocolate (68%).,chocolate,506,14,62.6,52.7,0.23
Cadbury Wispa Gold Chocolate Bar Multipack 4pk 153.2g,Textured milk chocolate bar with soft caramel centre (32 %).,chocolate,502,15,60,51,0.33
Lindt Excellence Dark Caramel and Sea Salt Chocolate Bar 100g,Fine dark chocolate with crispy caramel pieces and a touch of sea salt,chocolate,2177,17,56,52,0.4
Bounty Coconut Milk Chocolate Duo Bars Multipack 4x57g,Moist tender coconut covered in thick milk chocolate,chocolate,488,21.4,58.5,47.9,0.26
Fry's Chocolate Cream Multipack x3 147g,Chocolate with a fondant centre (52 %).,chocolate,1759,7.5,73,65,0.01
Sainsbury's No Added Sugar Dark Chocolate 100g,No Added Sugar Dark Chocolate with Sweeteners,chocolate,529,26.6,36.8,0.8,0.01
Sainsbury's Milk Chocolate 200g,Milk chocolate,chocolate,546,19.9,53.8,50.8,0.16
Cadbury Dairy Milk Buttons Treatsize Chocolate Bags Multipack x6 84g,Milk chocolates,chocolate,535,18,57,56,0.24
Milky Way Chocolate Bar Multipack 12x21.5g,Milk chocolate with a light whipped white centre (61%),chocolate,447,7.8,71.9,65.1,0.52
Lindt Les Grandes Dark Chocolate Hazelnut Bar 150g,Dark chocolate with hazelnuts,chocolate,573,13,42,39,0.02
Milkybar White Chocolate Bar Multipack 4x25g,White Chocolate.,chocolate,543,19.1,53.1,52.6,0.34
Galaxy Smooth Milk Chocolate More to Share Bar 200g,Milk chocolate.,chocolate,545,20,56,55,0.3
Green & Black's Organic Ginger Dark Chocolate Bar 90g,Organic chocolate with crystallised ginger pieces (20 %).,chocolate,2118,18,51,47,0.01
Kit Kat 2 Finger White Chocolate Biscuit Bar Multipack x9,Nine bars of two crispy wafer fingers covered with white chocolate (66%).,chocolate,515,15.1,59,46.3,0.27
Twix Chocolate Biscuit Snack Size Twin Bars Multipack 9x40g,Milk chocolate (35%) covered caramel (32%) and biscuit (26%).,chocolate,493,14,65,49,0.41
Lindt Excellence Dark 85% Cocoa Chocolate Bar 100g,Extra fine dark chocolate,chocolate,2418,27,22,15,0.02
Green & Black's Organic Milk Chocolate Bar 90g,Organic milk chocolate.,chocolate,2339,22,48,46,0.23
Cadbury Darkmilk Original Chocolate Bar 85g,High cocoa milk chocolate.,chocolate,536,20,51,49,0.11
Kinder Chocolate Medium Bars 5x21g,Fine Milk Chocolate with A Milky Filling,chocolate,2360,22.6,53.5,53.3,0.313
Bounty Coconut Milk Chocolate Duo Bars Multipack 8x57g,Moist tender coconut covered in thick milk chocolate.,chocolate,487,21,59,48,0.26
Kinder Bueno Milk Chocolate Bars Multipack 4x43g,Milk Chocolate Covered Wafer with Smooth Milky and Hazelnut Filling,chocolate,2384,17.3,49.5,41.2,0.272
Green & Black?s Velvet Edition 70% Cocoa Dark Chocolate Bar 90g,Chocolate,chocolate,607,30,30,27,0.01
Lindt Excellence Milk Extra Creamy Chocolate Bar 100g,Extra creamy milk chocolate,chocolate,2387,23,51,50,0
Rolo Chocolate 4x41.6g,Milk chocolates with a soft toffee centre (45%).,chocolate,478,11.4,67.4,58,0.32
"Sainsbury's Venezuelan 70% Dark Chocolate, Taste the Difference 100g",Dark chocolate,chocolate,599,27.6,34.5,27.4,0.08
Green & Black?s Velvet Edition Salted Caramel Dark Chocolate Bar 90g,Chocolate with salted caramel pieces (15 %).,chocolate,590,27,37,32,0.5
Sainsbury's Fruit & Nut Dark Chocolate 200g,Dark chocolate with raisins and almonds,chocolate,509,15.7,47.3,42.7,0.01
Cadbury Dairy Milk with Daim Chocolate Bar 120g,Milk chocolate with crunchy almond caramel pieces (20 %).,chocolate,525,17.5,57,56.5,0.43
Sainsbury's White Chocolate 200g,White chocolate,chocolate,572,22.2,54.6,51.8,0.21
"Sainsbury's Dominican Republic 72% Dark Chocolate, Taste the Difference 5x25g",Dark chocolate,chocolate,620,31.5,26.7,20.7,0.01
Cadbury Dairy Milk Caramel Chocolate Bar 120g,Milk chocolate with caramel centre (40 %).,chocolate,483,14,62,48,0.4
Aero Milk Chocolate  4x27g,Smooth bubbly milk chocolate.,chocolate,538,17.9,57.8,56.8,0.23
"Sainsbury's Madagascan 80% Dark Chocolate, Taste the Difference 100g",Dark chocolate,chocolate,592,27.7,30.6,19.9,0.09
Aero Peppermint Mint Chocolate Sharing Bar 90g,Smooth milk chocolate filled with peppermint flavoured bubbles.,chocolate,534,17.7,60.8,60.4,0.22
Galaxy Caramel Chocolate Bar 135g,Milk chocolate with a soft caramel filling (30%).,chocolate,498,16,61,56,0.36
Green & Black's Organic Milk Almond Chocolate Bar 90g,Organic milk chocolate with chopped roasted almonds (20 %).,chocolate,2406,18,40,37,0.18
Cadbury Caramilk Golden Caramel Chocolate Bar 90g,White chocolate with caramelised milk powder (5 %).,chocolate,544,18,63,63,0.29
Cadbury Dairy Milk Buttons Chocolate Treatsize Bags Multipack x12 170g,Milk chocolates.,chocolate,535,18,57,56,0.24
Milkybar White Chocolate Bar 90g,White Chocolate.,chocolate,542,19.1,52.9,52.5,0.35
Milky Way Chocolate Bar Multipack 6 x 21.5g,Milk chocolate with a light whipped white centre (61%).,chocolate,450,7.9,70.7,61.8,0.37
Sainsbury's Mini Assorted Chocolate Bars x25 421g,An assortment of treat-size bars,chocolate,509,11.1,53.1,43.2,0.64
Sainsbury's No Added Sugar Milk Chocolate 100g,No Added Sugar Milk Chocolate with Sweeteners,chocolate,502,23.6,51.2,10.5,0.19
Lindt Excellence Dark Raspberry Chocolate Bar 100g,Fine dark chocolate with raspberry pieces,chocolate,2182,18,51,49,0
Cadbury Dairy Milk with Oreo Chocolate Bar 120g,Milk chocolate with a vanilla flavour filling (38 %) and biscuit pieces (12 %).,chocolate,558,19,54,49,0.37
Sainsbury's Wholenut Dark Chocolate 200g,Dark chocolate with whole hazelnuts,chocolate,575,17.6,36.4,32.5,0.01
Toffee Crisp Milk Chocolate Bar Multipack x9 31g,Nine Bars of Toffee (18%) and Crisped Cereal (11%) Filled Milk Chocolate.,chocolate,522,17.9,62.8,50.5,0.26
Kinder Bueno White Chocolate Bars Multipack 4x39g,White Chocolate Covered Wafer with Smooth Milky and Hazelnut Filling,chocolate,2387,16.8,53,43.6,0.356
Lindt Lindor Milk Chocolate Bars 4x25g,Milk chocolate with a smooth melting filling (40%),chocolate,2556,33,46,45,0.13
Lindt Lindor Milk Chocolate Bar 100g,Swiss milk chocolate with a smooth melting filling,chocolate,2582,36,44,43,0.14
Cadbury Dairy Milk 30% Less Sugar Chocolate Bar 85g,Reduced sugar milk chocolate.,chocolate,503,18,42,37,0.18
Lindt Lindor White Chocolate Bar 100g,White Swiss chocolate with a smooth melting filling,chocolate,2688,39,42,42,0.21
Lindt Les Grandes Milk Chocolate Hazelnut Bar 150g,Swiss milk chocolate with hazelnuts,chocolate,587,13,44,39,0.08
Galaxy Salted Caramel Chocolate Bar 135g,Milk chocolate with a salted caramel filling (30%).,chocolate,497,16,60,56,0.57
Green & Black's Organic Butterscotch Milk Chocolate Bar 90g,Organic milk chocolate with butterscotch pieces (10 %).,chocolate,2313,21,51,48,0.2
Lindt Excellence Dark Chilli Chocolate Bar 100g,Swiss dark chocolate with extract of chilli pepper,chocolate,538,20,50,48,0.1
Aero Milk Chocolate Sharing Bar 90g,Smooth bubbly milk chocolate.,chocolate,532,17.8,57.3,56.8,0.22
Trip CBD Infused Peach Ginger 250ml,"Lightly sparkling, CBD-infused Peach Ginger drink powered by natural botanicals with no added sugar",chocolate,35.1,0,2.1,1.8,0
Bens Original Long Grain Microwave Rice 250g,Steamed parboiled long grain rice.,rice,566,0.1,28,0.5,0.01
Merchant Gourmet Smoky Spanish-Style Grains & Rice 250g,Spanish-Style Grains & Rice,rice,705,0.5,31,1.4,1.2
Merchant Gourmet Simply Cooked Glorious Grains with Red Rice & Quinoa 250g,Glorious grains with red rice & quinoa,rice,768,0.5,32,0.7,0.04
Sainsbury's Basmati Rice 1kg,Basmati White Rice,rice,137,0.1,30.7,0.5,0.01
Sainsbury's Microwave Rice Basmati 250g,Cooked basmati rice,rice,143,0.2,29.5,0.5,0.18
Tilda Pure Basmati Classics Microwave Rice 250g,Pure Steamed Basmati Rice,rice,605,0.5,28.2,0.1,0.03
Sainsbury's Microwave Rice Brown 250g,Cooked parboiled brown long grain rice,rice,171,0.3,32.2,0.5,0.13
Bens Original Golden Vegetable Microwave Rice 250g,"Steamed parboiled long grain rice with pepper, sweetcorn and peas.",rice,639,0.1,29,0.7,0.44
Sainsbury's Microwave Rice Long Grain White 250g,Cooked parboiled white long grain rice,rice,135,0.1,29.5,0.5,0.15
Sainsbury's Microwave Rice Brown Basmati 250g,Cooked parboiled brown basmati,rice,136,0.3,27.6,0.5,0.17
Sainsbury's Easy Cook Long Grain White Rice 1kg,Parboiled Long grain white rice,rice,161,0.4,34,0.5,0.01
Sainsbury's Brown Rice 1kg,Long Grain Brown Rice,rice,150,0.3,32.1,0.5,0.01
Sainsbury's Microwave Rice Golden Vegetable 250g,Cooked parboiled long grain rice with vegetables,rice,157,0.2,30.1,1.4,0.5
Bens Original Spicy Mexican Microwave Rice 250g,"Steamed parboiled long grain rice with beans, corn and peppers.",rice,670,0.2,28,1.1,0.52
Sainsbury's Microwave Rice Spicy Mexican 250g,Cooked parboiled long grain rice with vegetables and spices,rice,182,0.3,34.4,1.6,0.33
Sainsbury's Microwave Rice Thai 250g,Cooked thai jasmine rice,rice,162,0.1,36.3,0.5,0.18
Sainsbury's Basmati Rice 500g,Basmati White Rice,rice,137,0.1,30.7,0.5,0.01
Sainsbury's White Rice 1kg,Long Grain White Rice,rice,135,0.1,30,0.5,0.01
Bens Original Mexican Style Microwave Rice 250g,Steamed parboiled long grain rice with jalapeno peppers and red peppers with Mexican style spices.,rice,652,0.2,30,1,0.45
Tilda Steamed Basmati Brown Microwave Rice 250g,Wholegrain Basmati Rice,rice,545,0.5,23.3,0.2,0.03
Tilda Steamed Basmati Lime & Coriander Microwave Rice 250g,Lime and Coriander Basmati Rice,rice,560,1.9,23.4,0.6,0.3
Bens Original Wholegrain Microwave Rice 250g,Steamed parboiled wholegrain rice.,rice,691,0.4,31,0.5,0.01
Sainsbury's Brown Basmati Rice 1kg,Basmati Brown Rice,rice,137,0.1,30.7,0.5,0.01
Bens Original Egg Fried Microwave Rice 250g,"Steamed parboiled long grain rice with egg, sesame oil and oriental spices.",rice,660,0.4,29,0.7,0.42
Bens Original Savoury Chicken Microwave Rice 250g,Steamed parboiled long grain rice with chicken flavour and vegetables.,rice,644,0.1,29,0.7,0.44
Tilda Brown Basmati & Quinoa Wholegrain Microwave Rice 250g,Wholegrain Basmati & Quinoa Rice,rice,559,0.8,24,0.3,0.28
Tilda Basmati Rice 1kg,Pure Original Basmati,rice,1491,0.2,77.7,0.5,0.03
Sainsbury's Boil In The Bag Basmati Rice 4x125g,Basmati White Rice,rice,137,0.1,30.7,0.5,0.01
Tilda Steamed Basmati Coconut Microwave Rice 250g,Coconut Basmati Rice,rice,683,3.6,25.2,0.4,0.03
Tilda Wholegrain Brown Basmati & Wild Microwave Rice 250g,Wholegrain Basmati and Wild Rice,rice,569,0.6,23.3,0.1,0.03
Tilda Pilau Basmati Microwave Rice 250g,Pilau Basmati Rice,rice,543,0.3,24.8,0.3,0.41
Sainsbury's Boil In The Bag White Rice 4x125g,Parboiled Long grain white rice,rice,161,0.4,34,0.5,0.01
Veetee Heat&eat Sticky Rice Pots x2 260g,Sticky Rice,rice,644,0.2,31.7,0.1,0.14
Tilda Basmati Rice 500g,Pure Original Basmati,rice,1491,0.2,77.7,0.5,0.03
Sainsbury's Microwave Rice Egg Fried 250g,"Cooked parboiled long grain rice blend with scrambled egg, onion, chives and spices",rice,177,0.3,33.5,0.5,0.29
Sainsbury's Basmati & Wild Rice 500g,Parboiled basmati white rice and wild rice,rice,135,0.1,30,0.5,0.01
Tilda Steamed Basmati Lemon Microwave Rice 250g,Lemon & Herbs Basmati Rice,rice,579,0.4,26.1,0.1,0.3
Bens Original Boil In Bag Long Grain Rice 500g,Parboiled long grain rice.,rice,665,0.1,34,0.5,0.01
Veetee Heat& Eat Basmati Rice Pots x2 250g,Basmati,rice,546,0.2,26,0.2,0.01
Sainsbury's Easy Cook Long Grain White Rice 2kg,Parboiled Long grain white rice,rice,161,0.4,34,0.5,0.01
Sainsbury's Thai Fragrant Rice 500g,Long grain white rice,rice,141,0.1,31,0.5,0.01
Bens Original Tomato And Basil Microwave Rice 250g,Steamed parboiled long grain rice with tomatoes and basil.,rice,701,0.2,30,2.1,0.43
Sainsbury's Easy Cook Long Grain White Rice 500g,Parboiled Long grain white rice,rice,161,0.4,34,0.5,0.01
Bens Original Wholegrain Spicy Mexican Microwave Rice 250g,"Steamed parboiled wholegrain rice with beans, corn and peppers.",rice,665,0.4,26,1.1,0.53
Sainsbury's Microwave Rice Mushroom 250g,Cooked parboiled long grain rice with mushroom pieces,rice,167,0.2,33.3,0.5,0.51
Tilda Microwave Steamed Basmati Egg Fried Microwave Rice 250g,Egg Fried Rice,rice,573,0.5,23.6,0.7,0.49
Tilda Tomato and Basil Basmati Microwave Rice 250g,Tomato and Basil Basmati Rice,rice,518,0.3,22.4,1,0.42
Tilda Sweet Chilli and Lime Basmati Microwave Rice 250g,Sweet Chilli and Lime Basmati Rice,rice,542,0.5,24,1.7,0.55
Tilda Steamed Basmati Coconut & Chilli Microwave Rice 250g,Coconut Chilli and Lemongrass Basmati Rice,rice,638,3.3,21.4,0.6,0.3
Veetee Heat& Eat Thai Jasmine Rice Pots 280g,Thai Jasmine,rice,609,0.2,29.1,0.1,0.01
Sainsbury's Basmati Rice 4kg,Basmati White Rice,rice,137,0.1,30.7,0.5,0.01
"Sainsbury's Brown Rice, SO Organic 500g",Organic Long grain brown rice,rice,150,0.3,32.1,0.5,0.01
Sainsbury's Long Grain Rice 1kg,Long Grain White Rice,rice,135,0.1,30,0.5,0.01
Fullgreen Riced Cauliflower 200g,100% plant based,rice,84,0,4,1,0.01
Tilda Mushroom Basmati Microwave Rice 250g,Mushroom Basmati Rice,rice,507,0.3,21.5,0.4,0.43
Laila Basmati Rice 10kg,Basmati Rice,rice,351,0.1,84,0.1,0.1
Bens Original Long Grain Rice 1kg,Parboiled long grain rice.,rice,655,0.1,34,0.5,0.01
Tilda Steamed Basmati Wholegrain Pilau Microwave Rice 250g,Wholegrain Pilau Rice,rice,572,0.5,22.6,0.4,0.28
Bens Original Mixed Pepper Microwave Rice 250g,"Steamed parboiled long grain rice with 3 types of pepper, aromatic herbs and spices.",rice,634,0.1,29,1.7,0.45
Tilda Peri Peri Basmati Microwave Rice 250g,Peri Peri Basmati Rice,rice,549,0.3,23.5,1.2,0.42
Tariq Halal British Beef Sirloin Steak 200g,Matured for 21 Days for improved eating quality,rice,201,5.6,0.1,0.1,0.25
Tariq Halal British Beef Burgers 452g,With Firecraker Seasoning,rice,269,8.9,4,1.2,1.2
Eat Real Quinoa Chips Sour Cream & Chives Flavour 80g,Quinoa-based snack with sour cream & chives flavour.,rice,473,1.9,61,2.3,2.1
Bens Original Wholegrain Mediterranean Vegetable Microwave Rice 250g,Steamed parboiled wholegrain rice with mediterranean vegetables.,rice,711,0.9,26,2,0.45
Sainsbury's Sticky Coconut Rice 250g,Cooked thai jasmine rice with coconut milk and fine desiccated coconut,rice,208,2.4,36.7,0.5,0.22
Tilda Brown Basmati Rice 1kg,Wholegrain Brown Basmati Rice,rice,1487,0.6,71.2,1.1,0.03
Veetee Heat & Eat Pilau Rice Pots x2 250g,Pilau,rice,583,0.3,26.2,0.5,0.5
Sainsbury's Brown Rice 500g,Long Grain Brown Rice,rice,150,0.3,32.1,0.5,0.01
Tilda Hot Firecracker Basmati Microwave Rice 250g,Hot Firecracker Basmati Rice,rice,523,0.5,21.9,0.4,0.42
Sainsbury's Boil In The Bag Brown Rice 4x125g,Brown Long Grain Rice,rice,150,0.3,32.1,0.5,0.01
Sainsbury's Thai Sticky Rice 500g,Thai sticky white rice,rice,141,0.1,31,0.5,0.01
Sainsbury's Wholegrain Rice & Quinoa 250g,Cooked parboiled brown rice and red quinoa with onions and garlic,rice,163,0.3,31.6,0.5,0.14
Bens Original Long Grain and Wild Microwave Rice 250g,Steamed parboiled long grain and wild rice blend.,rice,634,0.1,31,0.5,0.01
Bens Original Chinese Style Microwave Rice 250g,"Steamed parboiled long grain rice with sesame oil, garlic and ginger.",rice,680,0.2,30,0.8,0.44
Tilda Basmati Rice 5kg,Pure Original Basmati Rice,rice,1491,0.2,77.7,0.5,0.03
Bens Original Smokey BBQ Microwave Rice 250g,Steamed parboiled long grain rice with a smokey BBQ flavour.,rice,746,0.2,33,1.9,0.51
"Tilda Steamed Microwave Rice, Limited Edition 250g","Aromatic, mild curry spices combine with carrot, onion and coconut cream to give a tasty katsu curry flavour and modern Asian twist to our Jasmine rice.",rice,798,0.9,36.7,1.5,0.67
Bens Original Caribbean Microwave Rice 250g,"Steamed parboiled long grain rice with adzuki beans, peppers and spices.",rice,662,0.2,28,1.5,0.44
Sainsbury's Wholegrain & Wild Rice 250g,Cooked parboiled brown rice and wild rice,rice,157,0.2,30.8,0.5,0.14
Tilda Steamed Basmati Mexican Bean & Chilli Microwave Rice 250g,Moreish pinto beans and zesty lime combine with smoked paprika and chipotle chillies to add a spicy kick and tasty Mexican flavours to our Long Grain rice.,rice,509,0.4,19.5,0.6,0.46
Salaam Basmati Rice 10kg,Basmati Rice,rice,351,0.1,84,0.1,0.1
Veetee Heat& Eat Long Grain Rice Pots x2 260g,Long Grain,rice,591,0.2,27.9,0.2,0.01
Laila Basmati Rice 5kg,Basmati Rice,rice,351,0.1,84,0.1,0.1
Sainsbury's Boil In Bag Thai Fragrant Rice 4x125g,Thai jasmine rice,rice,352,0.3,77.3,0.5,0.01
"Sainsbury's Aged Indian Basmati Rice, Taste the Difference 1kg",Basmati White rice,rice,137,0.1,30.7,0.5,0.01
Bens Original Wholegrain Golden Vegetable Microwave Rice 250g,"Steamed parboiled wholegrain rice with pepper, sweetcorn and peas.",rice,634,0.4,27,0.7,0.45
Tilda Basmati Rice 2kg,Pure Original Basmati,rice,1491,0.2,77.7,0.5,0.03
Sainsbury's Chicken Flavour Savoury Rice 105g,"Chicken flavour long grain rice with a mix of dried sweetcorn, carrot, peas and red pepper.",rice,120,0.3,24.9,1.8,0.39
Tilda Classics White & Wholegrain Basmati Blend Microwave Rice 250g,White & Wholegrain Basmati Rice Blend,rice,627,0.5,27.6,0.1,0.03
Naked Big Eat Japanese Style Katsu Curry Long Grain Rice 104g,Instant Rice in a Chicken Katsu Style Curry Sauce,rice,485,0.1,25,1.3,0.62
Bens Original Rice Onion Bhaji Microwave Rice 250g,Steamed parboiled long grain rice with onion and spices.,rice,675,0.2,31,1.3,0.43
Bens Original Wholegrain Savoury Chicken Microwave Rice 250g,Steamed parboiled wholegrain rice with chicken flavour and vegetables.,rice,639,0.4,27,0.6,0.44
"Sainsbury's Savoury Rice, Curry 105g","Long grain rice with a mix of dried peas, tomato and onion, flavoured with a mild blend of spices",rice,148,0.4,30.5,2.8,0.25
Sainsbury's Beef Flavour Savoury Rice 105g,"Beef flavour long grain rice with a mix of dried peas, carrot, onion and red pepper.",rice,124,0.3,25.5,1.4,0.33
Trophy Indian Basmati Rice 10kg,Basmati Rice,rice,1510,0.3,76.9,0.2,0
Bens Original Rice Spicy Chilli Microwave Rice 250g,Steamed parboiled long grain rice with spicy chilli.,rice,707,0.1,33,1.4,0.45
Kohinoor Extra Long Basmati Rice 2kg,Gold Basmati,rice,356,0.3,77,0.2,0
Laila Brown Basmati Rice 2kg,Brown Basmati Rice,rice,355,0.6,78,0.8,0.1
Fullgreen Riced Sweet Potato 200g,100% plant based,rice,209,0,9.5,4,0.03
Tilda Premium USA Long Grain Microwave Rice 250g,Long Grain Rice,rice,557,0.3,25,0.2,0.03
Sainsbury's Thai Black Rice 500g,Thai black rice,rice,142,0.2,29,0.5,0.01
Trophy Indian Basmati Rice 5kg,Basmati Rice,rice,1510,0.3,76.9,0.2,0
Kohinoor Extra Long Basmati Rice 10kg,Basmati Rice,rice,1513,0.3,77,0.2,0
Sainsbury's Long Grain Rice 2kg,Long Grain White Rice,rice,135,0.1,30,0.5,0.01
Tilda Brown Basmati Rice 500g,Brown Basmati Wholegrain Brown Basmati Rice,rice,1487,0.6,71.2,1.1,0.03
Akash Gold Aged Basmati Rice 10kg,Basmati Rice,rice,1489,0.2,78.6,0.5,0.03
Tilda Caribbean Basmati & Peas Microwave Rice 250g,Microwave Caribbean Basmati Rice and Peas,rice,543,2.3,19,1,0.33
Tilda Basmati Rice 10kg,Pure Original Basmati,rice,1491,0.2,77.7,0.5,0.03
Tilda Easy Cook Long Grain Rice 5kg,Easy Cook Long Grain Rice,rice,1494,0.2,77,0.6,0.03
Apna Long Grain Basmati Rice 5kg,A blend of long grain rice and basmati rice,rice,1497,0.3,77.3,0.5,0.03
Akash Basmati Rice 2kg,Basmati Rice,rice,1489,0.2,78.6,0.5,0.03
Plot9 Smoky Chipotle Bean Chilli with Long Grain Rice 260g,"Kidney beans, onions, sweetcorn, red peppers and textured soy protein in a smoky, spicy tomato and chilli sauce, served with long grain rice.",rice,105,0.1,18.4,2.6,0.3
Bare Naked Rice 250g,Precooked rice shaped konjac pieces in water.,rice,50,0.1,1,0.1,0.01
Trophy Basmati Rice 2kg,Basmati Rice,rice,357,0.3,76.9,0.2,0
Merchant Gourmet Mexican Inspired Grains 250g,Mexican-Style Grains,rice,691,0.5,30,3.5,1.3
Tilda Pure Basmati Perfect Portions Boil in Bag 250g,Pure Basmati Rice,rice,1491,0.2,77.7,0.5,0.03
Sainsbury's Arborio Risotto Rice 500g,Italian Risotto Rice,rice,133,0.1,29.5,0.5,0.01
"Sainsbury's Microwave Pilau Rice With Spices, Cumin and Fennel Seeds P250g","Cooked parboiled long grain rice with spices, cumin and fennel seeds",rice,161,0.1,33.6,0.6,0.43
Sainsbury's Spanish Paella Rice 500g,Spanish Paella Rice,rice,133,0.1,29.2,0.5,0.01
Sainsbury's Steamed Golden Rice 380g,"Golden rice with peas, sweetcorn, red pepper and seasoning in microwaveable steam bags",rice,111,0.2,21,3.6,0.52
"Sainsbury's Rice, Broccoli, Sweetcorn & Peas Microwaveable Steam Bags x4 540g","A mix of white rice, broccoli, sweetcorn and peas in microwaveable steam bags",rice,104,0.2,17.9,3.6,0.03
Actimel Strawberry Yogurt Drinks 12x100g,"Yogurt drink with L. casei Danone cultures, vitamins B6 and D, and strawberry.",yogurts,323,1,12,12,0.1
M¨¹ller Corner Vanilla Chocolate Balls & Banana Chocolate Flakes Yogurts 6x124g,"Vanilla flavour yogurt with milk & white chocolate coated puffed rice balls (8%) on the side
Banana yogurt with milk chocolate coated cornflakes (8%) on the side",yogurts,580,3.1,18.1,16,0.17
M¨¹ller Corner Strawberry & Peach & Apricot Yogurts 6x136g,"Creamy yogurt with strawberry compote on the side x 3
Creamy yogurt with peach & apricot compote on the side x 3",yogurts,440,2.5,12.4,11.9,0.17
Activia Rhubarb Yogurts 4x115g,Yogurt with Fruit,yogurts,381,1.9,12,12,0.14
Activia Strawberry Yogurts 4x115g,Yogurt with Fruit,yogurts,371,2,11.8,11.8,0.14
"Frubes Strawberry, Red Berries and Peach Yogurt 9x37g",Yogurt with added calcium and vitamin D,yogurts,384,1.8,12,10.8,0.15
Yeo Valley Organic Yogurt Greek Style With Honey 4x100g,4 Greek Style Yogurts with Honey,yogurts,591,4.8,13.7,13.7,0.13
Activia No Added Sugar 0% Fat Mixed Red Fruits Yogurt 8x115g,Fat Free Yogurt with Fruit and Sweeteners,yogurts,209,0,7,6.7,0.17
Activia Cherry Fat Free Yogurts 4x115g,Fat free yogurt with fruit and sweeteners,yogurts,211,0,7.4,6.9,0.19
Sainsbury's Mixed Red Fruit Yogurt 6x125g,Low fat strawberry yogurt,yogurts,83,0.8,13.7,12.6,0.09
FAGE Total 0% Natural Fat Free Greek Recipe Strained Yogurt 450g,Natural Fat Free,yogurts,230,0,3,3,0.1
Activia Peach Fat Free Yogurts 4x115g,Fat free yogurt with fruit and sweeteners,yogurts,204,0,7,6.7,0.16
M¨¹ller Corner Vanilla Yogurt With Chocolate Balls 124g,Vanilla flavour yogurt with milk & white chocolate coated puffed rice balls (8%),yogurts,580,3.1,18.1,16,0.17
Mary Ann's Dairy Low Fat Natural Yogurt 500g,Low fat natural yogurt,yogurts,60,1.1,6.4,6.4,0.14
Sainsbury's Fat Free Natural Yogurt 500g,Fat free natural yogurt,yogurts,48,0.2,6.4,6.4,0.18
Actimel Multifruit Yogurt Drinks 12x100g,"Yogurt drink with L Casei Danone cultures, vitamins B6 and D and multifruit.",yogurts,334,1,13,13,0.1
Activia Grains & Nuts Walnut & Oats Yogurt 4x120g,Yogurt with Oats and Walnut,yogurts,444,1.8,13.7,12.6,0.13
Yeo Valley Kefir Natural Organic Yogurt 350g,Fermented Natural Yogurt with Live Kefir Cultures,yogurts,268,1.4,5.4,5.4,0.12
Activia Prune Fusions Yogurt 4x120g,Yogurt with fruit layer,yogurts,414,2.4,13,12,0.12
M¨¹ller Light Greek Style Luscious Lemon Yogurt 4x115g,Lemon Greek style fat free yogurt with sweetener x4,yogurts,255,0.1,7.5,6.8,0.2
Yakult Yogurt Drink 7x65ml,Fermented skimmed milk drink with L. casei Shirota bacteria.,yogurts,182,0,10,8.8,0.03
M¨¹ller Light Red Fruits Fat Free Yogurts 6x140g,"Smooth raspberry & cranberry fat free yogurt with sweetener x 2
Strawberry fat free yogurt with sweetener x 2
Cherry fat free yogurt with sweetener x 2",yogurts,218,0.1,7.1,6.4,0.23
Yeo Valley Organic Greek Style Natural Yogurt 4x120g,Greek Style Natural Yogurt,yogurts,511,6.1,4.7,4.7,0.11
Yeo Valley Organic Little Yeos Fruity Favourites Yogurt 4x90g,Organic Yogurt Blended with a Smooth Fruit Pur¨¦e,yogurts,390,2.9,9.2,8.1,0.1
M¨¹ller Corner Red Cherry Yogurt 136g,Creamy yogurt with red cherry compote,yogurts,464,2.5,13.8,13.1,0.17
M¨¹ller Corner Strawberry Yogurt 136g,Creamy yogurt with strawberry compote,yogurts,440,2.5,12.4,11.9,0.17
"Onken Mango, Papaya & Passionfruit Biopot Yogurt 450g","Mango, Papaya, Passion Fruit Yogurt",yogurts,404,1.7,13,13,0.19
Activia Vanilla Fat Free Yogurts 4x115g,Fat free yogurt with natural flavourings and sweeteners,yogurts,218,0,6.9,6.5,0.17
Yeo Valley Organic Yogurt Fruity Favourites 4x120g,"Strawberry Yogurt
Raspberry Yogurt
Peach & Apricot Yogurt
Blackcurrant Yogurt",yogurts,434,2.5,11.1,11.1,0.15
"Sainsbury's West Country Lemon Curd Yogurt, Taste the Difference 150g",Lemon curd yogurt,yogurts,166,5.4,19.1,19.1,0.1
"Sainsbury's West Country Black Cherry Yogurt, Taste the Difference 150g",Black cherry yogurt,yogurts,124,3.9,13.7,13.3,0.08
Activia Mixed Yellow Fruits Yogurt 8x115g,Yogurt with Fruit,yogurts,373,1.9,12,12,0.14
"Wildlife Strawberry, Raspberry & Apricot Yogurt Choobs 6x37g",Strawberry Flavour or Raspberry Flavour or Apricot Flavour yogurt,yogurts,385,1.8,12.1,10.9,0.15
Sainsbury's Fat Free Greek Style Natural Yogurt 1kg,Fat free Greek style natural yogurt,yogurts,54,0.3,5.2,5.2,0.18
Muller Corner Banana Yogurt With Chocolate Flakes 124g,Banana yogurt with milk chocolate coated cornflakes (8%),yogurts,572,3,18,15.2,0.22
Ski Smooth Strawberry & Raspberry Yogurt 4x120g,Low fat yogurt with fruit puree,yogurts,351,1.8,11.6,11.3,0.1
Benecol Original No Added Sugar Yogurt Drink 6x67.5g,Yogurt drink with added plant stanols and sweetener.,yogurts,198,0.2,4.3,4.1,0.09
Rachel's Luscious Multipack Yogurt 4x110g,Organic Fruits Bio Live Yogurt,yogurts,459,3.3,12.1,11.9,0.1
Frubes Strawberry Flavour Yogurt Tubes 9x37g,Yogurt with added calcium and vitamin D,yogurts,385,1.8,12,10.8,0.15
"Sainsbury's West Country Madagascan Vanilla Yogurt, Taste the Difference 150g",Vanilla yogurt,yogurts,132,5,11.9,11.6,0.1
M¨¹ller Corner Peach & Apricot Yogurt 136g,Creamy yogurt with peach & apricot compote,yogurts,466,2.5,13.9,13.4,0.17
Muller Corner Vanilla Yogurt With Chocolate Digestive Biscuits 124g,Vanilla flavour yogurt with milk chocolate coated digestive biscuit balls (12%),yogurts,632,4,19.4,15.6,0.23
Sainsbury's Mixed Yellow Fruit Yogurt 6x125g,"Low fat fruit yogurts (2 peach, 2 apricot, 2 mango & passion fruit)",yogurts,81,0.8,13.4,12.1,0.11
Actimel Strawberry Fat Free No Added Sugar Yogurt Drinks 8x100g,"Yogurt drink with L. casei Danone cultures, vitamins B6 and D, strawberry and with sweeteners.",yogurts,116,0,3.2,3,0.11
Yakult Light Yogurt Drink 7x65ml,Fermented skimmed milk drink with L. casei Shirota bacteria and vitamin D & E. With sugars and sweeteners.,yogurts,111,0,8.8,2.9,0.03
Activia Intensely Creamy Strawberry Greek Style Yogurt 4x110g,Creamy Yogurt with Fruit,yogurts,416,2.1,12.9,12.5,0.11
Benecol Raspberry No Added Sugar Yogurt Drink 6x67.5g,Raspberry flavoured yogurt drink with added plant stanols and sweetener.,yogurts,202,0.2,4.6,4.5,0.09
Sainsbury's Greek Style Low Fat Natural Yogurt 500g,Low fat Greek style natural yogurt,yogurts,75,1.7,7.1,7.1,0.2
Activia Raspberry Fat Free Yogurts 4x115g,Fat free yogurt with fruit and sweeteners,yogurts,209,0,7,6.7,0.17
Activia Health Fruits Yogurt 8x115g,Yogurt with Fruit,yogurts,399,1.9,13.2,12.6,0.14
Arla Skyr Natural Icelandic Style Yogurt 450g,Fat Free Icelandic Style Strained Yogurt,yogurts,63,0.1,4,4,0.14
M¨¹ller Corner Toffee Yogurt With Chocolate Hoops 124g,Toffee flavour yogurt with milk chocolate coated cereal hoops (10%),yogurts,605,3.3,19.1,16.8,0.18
"Sainsbury's West Country Glen Ample Raspberry Yogurt, Taste the Difference 150g",Raspberry yogurt,yogurts,125,4.7,11.2,10.4,0.08
Actimel Multifruit Yogurt Drinks 8x100g,"Yogurt drink with L Casei Danone cultures, vitamins B6 and D and multifruit.",yogurts,334,1,13,13,0.1
Lindahls  Kvarg Raspberry Protein Yogurt 150g,Fat Free Quark with Sweeteners and Raspberry Flavour.,yogurts,55,0.1,3.4,3.1,0.1
M¨¹ller Corner Bliss Lemon Greek Style Yogurt 4x110g,4 x Whipped Greek style yogurt with cream & a smooth lemon sauce on the side.,yogurts,675,3.3,22.2,21.3,0.2
Light & Free Greek Style Peach & Passionfruit Yogurt 4x115g,Fat free yogurt with fruit and sweeteners,yogurts,47,0,7,6.2,0.15
M¨¹ller Corner Chocolate Digestive & Strawberry Shortcake Yogurts 6x124g,"Strawberry flavour yogurt with white chocolate coated shortcake biscuit (11%) on the side
Vanilla flavour yogurt with milk chocolate coated digestive biscuit balls (12%) on the side",yogurts,623,3.1,19.3,15.7,0.2
M¨¹ller Light Fat Free Cherry Yogurt 160g,Fat free cherry yogurt with sweetener,yogurts,227,0.1,7.4,6.6,0.26
Light & Free Greek Style Strawberry Yogurt 4x115g,Fat free yogurt with fruit and sweeteners,yogurts,48,0,6.9,5.9,0.16
Kellogg's Fruit Winders Doubles Apple & Strawberry Rolls 5x17g,A delicious apple and strawberry fruit snack roll made with all natural colours and flavours,yogurts,393,3.5,79,37,0.13
Kellogg's Fruit Winders Strawberry Snack 5x17g,Strawberry & Pear Fruit Snack Roll,yogurts,393,3.5,79,37,0.13
Trip CBD Infused Peach Ginger 250ml,"Lightly sparkling, CBD-infused Peach Ginger drink powered by natural botanicals with no added sugar",yogurts,35.1,0,2.1,1.8,0
Trip CBD Infused Lemon Basil 250ml,"Lightly sparkling, CBD-infused Lemon Basil drink powered by natural botanicals with no added sugar",yogurts,33.5,0,2.6,1.7,0
"Sainsbury's West Country Spanish Honey & Ginger Yogurt, Taste the Difference 150g",Honey and ginger yogurt with crystallised ginger pieces,yogurts,138,4.8,14.4,13.8,0.1
M¨¹ller Light Fat Free Smooth Toffee Yogurt 160g,Fat free smooth toffee flavour yogurt with sweetener,yogurts,208,0.1,6.6,5.7,0.27
M¨¹ller Corner Mixed Red Fruits Yogurts 6x136g,"Creamy yogurt with red cherry compote on the side x 3
Creamy yogurt with blackberry & raspberry compote on the side x 3",yogurts,464,2.5,13.8,13.1,0.17
Sainsbury's Natural Yogurt 500g,Whole milk natural yogurt,yogurts,81,2.5,6.6,6.6,0.18
M¨¹ller Light Fat Free Yogurts With Chocolate Sprinkles 6x140g,"Vanilla flavour fat free yogurt with dark chocolate sprinkles (0.5%), with sugar & sweeteners
Orange fat free yogurt with dark chocolate sprinkles (0.5%), with sugar & sweeteners
Smooth caramel flavour fat free yogurt with dark chocolate sprinkles (0.5%), with sugar & sweeteners",yogurts,222,0.3,6.1,5.6,0.24
Oykos Greek Style Strawberry Yogurt 4x110g,Creamy yogurt with a fruit layer,yogurts,145,5.3,14.8,14.2,0.13
Actimel Original Plain Fat Free No Added Sugar Yogurt Drinks 12x100g,"Yogurt drink with L. Casei Danone cultures, vitamins B6 and D and sweeteners.",yogurts,115,0,3,3,0.1
Actimel Blueberry Yogurt Drinks 8x100g,"Yogurt drink with L Casei Danone cultures, vitamins B6 and D, and blueberry.",yogurts,325,1,12,12,0.1
Yeo Valley Organic 0% Fat Vanilla Yogurt 450g,Fat Free Vanilla Yogurt,yogurts,81342,0,14.1,14,0.17
Benecol Peach & Apricot No Added Sugar Yogurt Drink 6x67.5g,Peach & Apricot flavoured yogurt drink with added plant stanols and sweetener.,yogurts,205,0.2,4.8,4.7,0.09
Benecol Yogurt Drink Strawberry 6x67.5g,"Strawberry flavoured yogurt drink with added plant stanols, sugars and sweetener.",yogurts,215,0.2,5.1,4.9,0.09
Lindahls Kvarg Vanilla Protein Yogurt 150g,Fat Free Quark with Sweeteners and Natural Vanilla Flavour.,yogurts,54,0.1,3.5,3.1,0.1
Oykos Greek Style Peach Yogurt 4x110g,Creamy yogurt with a fruit layer,yogurts,136,5.3,12.8,12.2,0.11
Actimel Original Plain Fat Free No Added Sugar Yogurt Drinks 8x100g,"Yogurt drink with L.Casei Danone cultures, vitamins B6 and D and sweeteners.",yogurts,115,0,3,3,0.1
M¨¹ller Light Greek Style Coconut With A Hint Of Vanilla Yogurt 4x115g,Smooth Coconut with a hint of Vanilla Greek style fat free yogurt with sweetener x4,yogurts,266,0.4,7.5,6.7,0.2
Activia Intensely Creamy Peach Greek Style Yogurt 4x110g,Creamy Yogurt with Fruit,yogurts,411,2.1,12.6,12.3,0.11
Actimel Strawberry & Blueberry Yogurt Drinks 12x100g,"Yogurt drink with L.Casei Dananone cultures, vitamins B6 and D, and blueberry.
Yogurt drink with L.Casei Danone cultures, vitamins D and B6, and strawberry.",yogurts,325,1,12,12,0.1
M¨¹ller Corner Bliss Raspberry Greek Style Yogurt 4x110g,4 x Whipped Greek style yogurt with cream & a raspberry compote on the side.,yogurts,555,3.4,14.5,14.4,0.17
"Paw Patrol Fromage Frais Yogurt with added Vitamin D, Strawberry 6x45g",Calcium and vitamin D are needed for normal growth and development of bone in children,yogurts,86,1.6,9.9,9.4,0.12
Benecol Yogurt Drink Blueberry 6x67.5g,"Blueberry flavoured yogurt drink with added plant stanols, sugars and sweetener.",yogurts,214,0.2,5.1,4.9,0.09
Light & Free Greek Style Raspberry Yogurt 4x115g,Fat free yogurt with fruit and sweeteners,yogurts,50,0,7.5,6.5,0.18
Actimel Strawberry Yogurt Drinks 8x100g,"Yogurt drink with L. casei Danone cultures, vitamins D and B6, and strawberry.",yogurts,323,1,12,12,0.1
M¨¹ller Light Fat Free Strawberry Yogurt 160g,Fat free strawberry yogurt with sweetener,yogurts,220,0.1,7,6.2,0.23
M¨¹ller Corner Strawberry Yogurt With White Chocolate Shortcake Balls 124g,Strawberry flavour yogurt with white chocolate coated shortcake biscuit balls (11%),yogurts,623,3.1,19.3,15.7,0.2
Activia No Added Sugar 0% Fat Mixed Fruits Yogurt 8x115g,"Fat Free Strawberry, Raspberry, Peach, Vanilla Yogurts with Live Cultures and Sweeteners",yogurts,218,0,6.9,6.5,0.17
Yeo Valley Organic Natural Yogurt 4x120g,Natural Yogurt,yogurts,298,2.5,4.9,4.9,0.12
Yeo Valley Kefir Mango & Passion Fruit Organic Yogurt 350g,Fermented Mango And Passion Fruit Yogurt With Live Kefir Cultures,yogurts,341,1.3,11.6,9.7,0.11
Lindahls Kvarg White Chocolate Protein Yogurt 150g,White Chocolate Flavour Fat Free Quark with Sweeteners.,yogurts,55,0.1,3.4,3.1,0.1
Oykos Greek Style Blueberry Yogurt 4x110g,Creamy yogurt with a fruit layer,yogurts,138,5.5,12.5,12.1,0.14
Lindahls Kvarg Stracciatella with Chocolate Pieces Protein Yogurt 150g,"Quark with Sweeteners, Chocolate Pieces and Vanilla Flavour.",yogurts,59,0.2,3.4,3.2,0.1
M¨¹ller Light Citrus Fat Free Yogurts 6x140g,"Mango & passionfruit fat free yogurt with sweetener x 2
Peach & pineapple fat free yogurt with sweetener x 2
Mandarin fat free yogurt with sweetener x 2",yogurts,224,0.1,7.2,6.6,0.2
M¨¹ller Light Fat Free Yogurt Limited Edition 160g,"Banana split flavour fat free yogurt with dark chocolate sprinkles (0.5%), with sugar & sweeteners",yogurts,237,0.3,7,6.6,0.24
Activia Intensely Creamy Blueberry Greek Style Yogurt 4x110g,Creamy Yogurt with Fruit,yogurts,421,2.1,13,12.7,0.14
M¨¹ller Light Greek Style Sublime Strawberry Yogurt 4x115g,Strawberry Greek style fat free yogurt with sweetener x4,yogurts,262,0.1,7.8,7.2,0.2
M¨¹ller Corner Blackberry & Raspberry Yogurt 136g,Creamy yogurt with blackberry & raspberry compote,yogurts,469,2.5,14.1,13.4,0.17
M¨¹ller Light Fat Free Vanilla Yogurt with Chocolate Sprinkles 160g,Fat free vanilla flavour yogurt with sugars & sweeteners and dark chocolate sprinkles (0.5%),yogurts,222,0.3,6.1,5.6,0.24
Activia Intensely Creamy Vanilla Greek Style Yogurt 4x110g,Creamy Yogurt with Vanilla Flavouring,yogurts,412,2.1,12.8,12.4,0.11
Yeo Valley Organic Yogurt Strawberry 4x120g,4 Strawberry Yogurts,yogurts,399,2.5,10.5,9.9,0.15
Smarties Mix-In Vanilla Flavour Yogurt with Mini Smarties 4x120g,Vanilla Flavour Yogurt and Milk Chocolate in a Crisp Sugar Shell.,yogurts,135,3.3,14.8,13.8,0.13
Wildlife Choobs Strawberry Flavour Yogurt 6x37g,Strawberry Flavour yogurt,yogurts,384,1.8,12.1,10.9,0.15
"Sainsbury's West Country Timperley Rhubarb Yogurt, Taste the Difference 150g",Rhubarb yogurt,yogurts,113,4.2,10.1,9.8,0.08
M¨¹ller Light Toffee Fat Free Yogurts 6x140g,Smooth toffee flavour fat free yogurt with sweeteners,yogurts,208,0.1,6.6,5.7,0.27
Lindahls Pro Kvarg Lemon Cheesecake Protein Yogurt 150g,Lemon Flavoured Fat Free Quark with Cheesecake Flavour and Sweeteners.,yogurts,61,0.1,3,2.7,0.1
Munch Bunch Seasonal Squashums Yogurt 6x60g,"Yogurt with Strawberry Puree
Yogurt with Raspberry Puree",yogurts,81,1.8,9.8,9.5,0.13
M¨¹ller Light Fat Free Smooth Banana & Custard Yogurt 160g,Fat free smooth banana & custard flavour yogurt with sweetener,yogurts,222,0.1,7.3,6.4,0.2
"Sainsbury's West Country Creamy Fudge Yogurt, Taste the Difference 150g",Fudge yogurt,yogurts,145,4.8,16.6,16.6,0.11
Activia Strawberry Fat Free Yogurt 4x115g,Fat free yogurt with fruit and sweeteners,yogurts,205,0,6.6,6.4,0.19
Oykos Salted Caramel Greek Style Yogurt 4x110g,Creamy yogurt with a salted caramel layer,yogurts,153,5.6,16.2,15.5,0.22
M¨¹ller Light Fat Free Smooth Raspberry & Cranberry Yogurt 160g,Fat free smooth raspberry & cranberry yogurt with sweetener,yogurts,218,0.1,7.1,6.4,0.23
Petits Filous Strawberry Flavour Drinking Yogurt 4x100g,Strawberry flavour drinking yogurt,yogurts,63,0.5,9.9,9.9,0.12
Actimel Coconut Yogurt Drinks 8x100g,"Yogurt drink with L. Casei Danone cultures, vitamins B6 and D, and coconut.",yogurts,349,1.3,12,12,0.1
Yeo Valley Organic 0% Fat Natural Yogurt 150g,Fat Free Natural Yogurt,yogurts,236,0.1,6.6,6.6,0.16
"Sainsbury's West Country Senga Strawberry Yogurt, Taste the Difference 150g",Strawberry yogurt,yogurts,118,4.4,10.7,10.4,0.08
Benecol Multifruit Yogurt Drink 6x67.5g,"Peach, Strawberry, Pineapple and Orange flavoured yogurt drink with added plant stanols, sugars and sweetener.",yogurts,219,0.2,5,4.9,0.09
Yeo Valley Organic 0% Fat Natural Yogurt 500g,Fat Free Natural Yogurt,yogurts,236,0.1,6.6,6.6,0.16
Actimel No Added Sugar 0% Fat Strawberry Yogurt Drink 12x100g,"Yogurt drink with L. casei Danone cultures, vitamins B6 and D, strawberry and with sweeteners.",yogurts,116,0,3.2,3,0.11
Pringles Original Sharing Crisps 200g,Savoury Snack.,crisps,534,2.8,56,1.2,1.1
Pringles Sour Cream & Onion Sharing Crisps 200g,Sour Cream and Onion Flavour Savoury Snack.,crisps,525,2.8,56,2.5,1.3
Pringles Salt & Vinegar Sharing Crisps 200g,Salt and Vinegar Flavour Savoury Snack.,crisps,514,2.7,56,2.3,1.9
Walkers Ready Salted Multipack Crisps 6x25g,Ready Salted Potato Crisps,crisps,521,2.5,53,0.4,1.4
Walkers Cheese & Onion Multipack Crisps 6x25g,Cheese & Onion Flavour Potato Crisps,crisps,514,2.4,54,2.6,1.2
Pom-Bear Original Multipack Crisps 6x13g,Ready Salted Teddy Shaped Potato Snack,crisps,503,2.8,63,2.1,1.4
Walkers Classic Variety Multipack Crisps 12x25g,"3 x Cheese & Onion Flavour Potato Crisps
3 x Red Salted Potato Crisps
3 x Salt & Vinegar Flavour Potato Crisps
3 x Prawn Cocktail Flavour Potato Crisps (with sugar and sweetener)",crisps,514,2.4,54,2.6,1.2
Kettle Chips Lightly Salted Sharing Crisps 150g,"Hand Cooked Potato Chips, Lightly Salted.",crisps,2139,3.5,51.5,0.5,0.9
Sainsbury's Ready Salted Crisps 6x25g,Ready Salted Potato Crisps,crisps,517,2.9,55.5,0.5,1.31
"Sainsbury's Gourmet Sea Salt Crisps, Taste the Difference 150g",Hand cooked potato crisps with sea salt,crisps,505,2.8,57.1,0.5,0.94
Doritos Cool Original Sharing Tortilla Chips Crisps 180g,Cool Original Flavour Corn Chips,crisps,498,3.5,58.1,2.7,1.48
Sensations Thai Sweet Chilli Sharing Crisps 150g,Thai Sweet Chilli Flavour Potato Crisps,crisps,474,2.2,60,3.7,1.4
Walkers Prawn Cocktail Multipack Crisps 6x25g,Prawn Cocktail Flavour Potato Crisps (with sugar and sweetener),crisps,513,2.4,55,1.9,1.2
Hula Hoops Original Potato Ring Crisps 6x24g,Original Salted Potato Rings,crisps,499,2.2,65,0.5,1.4
Walkers Salt & Vinegar Multipack Crisps 6x25g,Salt and Vinegar Flavour Potato Crisps,crisps,514,2.4,54,0.4,1.6
"Sainsbury's Sea Salt & Cider Vinegar Crisps, Taste the Difference 150g",Hand cooked potato crisps with sea salt and Suffolk cider vinegar seasoning,crisps,514,3,53.8,1.1,1.53
"Sainsbury's Cheddar & Spring Onion Crisps, Taste the Difference 150g",Hand cooked potato crisps with mature Cheddar cheese and spring onion seasoning,crisps,514,3.7,49.5,1.5,1.32
Walkers Salt & Shake Multipack Crisps 6x24g,x Salt & Shake Potato Crisps with Separate Salt Sachet,crisps,533,2.6,52.2,0.4,0
Hula Hoops BBQ Beef Potato Ring Crisps 6x24g,Barbecue Beef Flavour Potato Rings,crisps,498,2.3,64,1,2.2
Walkers Classic Variety Multipack Crisps 22x25g,"6 x Cheese & Onion Flavour Potato Crisps
6 x Ready Salted Potato Crisps
5 x Salt & Vinegar Flavour Potato Crisps
5 x Prawn Cocktail Flavour Crisps (with sugar and sweetener)",crisps,514,2.4,54,2.6,1.2
Kettle Chips Sea Salt & Balsamic Vinegar of Modena Sharing Crisps 150g,Hand Cooked Potato Chips with Sea Salt and "Aceto Balsamico di Modena IGP".,crisps,2142,2.4,56.8,1.3,1.6
McCoy's Flame Grilled Steak Variety Pack Crisps 6x25g,Flame Grilled Steak Flavour Potato Crisps,crisps,524,2.5,53,2.3,1.5
Sainsbury's Cheese & Onion Crisps 6x25g,Cheese and Onion Flavour Potato Crisps,crisps,508,2.7,55.9,0.6,1.25
Hula Hoops Variety Crisps 12x24g,"Barbecue Beef Flavour Potato Rings
Salt & Vinegar Flavour Potato Rings
Original Salted Potato Rings
Cheese & Onion Flavour Potato Rings",crisps,498,2.3,64,1,2.2
McCoy's Classic Variety Pack Crisps 6x25g,"Salt & Malt Vinegar Flavour Potato Crisps
Salted Flavour Potato Crisps
Cheddar & Onion Flavour Potato Crisps",crisps,529,2.5,54,1.9,2.1
Walkers Classic Variety Multipack Crisps 6x25g,"2 x Cheese & Onion Flavour Potato Crisps
2 x Ready Salted Potato Crisps
2 x Salt & Vinegar Flavour Potato Crisps",crisps,514,2.4,54,2.6,1.2
Walkers Ready Salted Crisps 12x25g,Ready Salted Potato Crisps,crisps,521,2.5,53,0.4,1.3
Doritos Chilli Heatwave Sharing Tortilla Chips Crisps 180g,Chilli Heatwave Flavour Corn Chips,crisps,497,3,59.3,6.1,1.35
Walkers Smoky Bacon Multipack Crisps 6x25g,Smoky Bacon Flavour Potato Crisps,crisps,514,2.4,55,4.5,1.2
Kettle Chips Sea Salt & Crushed Black Peppercorns Sharing Crisps 150g,Hand Cooked Potato Chips with Sea Salt & Crushed Black Peppercorns Seasoning.,crisps,2111,2.6,57.4,0.5,1.3
Walkers Roast Chicken Multipack Crisps 6x25g,Roast Chicken Flavour Potato Crisps,crisps,513,2.4,54,1.4,1.2
Kettle Chips Lightly Salted Multipack Crisps 5x30g,"Hand Cooked Potato Chips, Lightly Salted.",crisps,2139,3.5,51.5,0.5,0.9
Popchips Barbeque Multipack Crisps 5pk,Barbeque flavour popped potato snacks,crisps,420,1.4,62,8.7,2.1
McCoy's Salt & Vinegar Variety Pack Crisps 6x25g,Salt & Malt Vinegar Flavour Potato Crisps,crisps,529,2.5,54,1.9,2.1
Sainsbury's Classic Variety Assorted Crisps 22x25g,Assorted Flavours potato crisps,crisps,532,3.3,50.8,2.9,1.18
Pringles Texas BBQ Sauce Flavour Sharing Crisps 200g,Texas Barbecue Sauce Flavour Savoury Snack.,crisps,520,2.7,57,4.5,1.2
Walkers Less Salt Lightly Salted Multipack Crisps 6x25g,Lightly Salted Potato Crisps,crisps,522,2.5,53,0.4,0.67
Kettle Chips Sweet Chilli & Sour Cream Sharing Crisps 150g,Hand Cooked Potato Chips with Sweet Chilli and Sour Cream Seasoning.,crisps,2106,3.5,52.9,4.3,1.1
Kettle Chips Mature Cheddar & Red Onion Sharing Crisps 150g,Hand Cooked Potato Chips with Mature Cheddar Cheese and Red Onion Seasoning.,crisps,2142,3.3,52,1.3,1.2
Walkers Marmite Multipack Crisps 6x25g,Marmite? Flavour Potato Crisps,crisps,511,2.4,53,1.3,1.4
Jacob's Crinklys Cheese & Onion Crisps 6x25g,Cheese and Onion Flavour Crinkled Snack Biscuits,crisps,488,6.5,63.2,7.3,1.7
Tyrrells Lightly Sea Salted Sharing Crisps 150g,Lightly Sea Salted Potato Crisps.,crisps,2048,3,51.8,0.6,0.8
Walkers Sensations Thai Sweet Chilli Multipack Crisps 5x25g,Thai Sweet Chilli Flavour Potato Crisps,crisps,494,2.3,59,4,1.43
Sainsbury's Assorted Crisps 6x25g,Assorted Flavours Potato Crisps,crisps,517,2.9,55.5,0.5,1.31
Sainsbury's Salt & Vinegar Crisps 6x25g,Salt and Vinegar Flavour Potato Crisps,crisps,511,3.6,54.9,0.6,1.68
Jacob's Twiglets Crisps 6x24g,Crunchy Savoury Wholewheat Sticks,crisps,421,1.9,57,0.5,1.1
Popchips Barbeque Sharing Crisps 85g,Barbeque flavour popped potato snacks,crisps,420,1.4,62,8.7,2.1
Sainsbury's Ready Salted Crisps 12x25g,Ready Salted Potato Crisps,crisps,517,2.9,55.5,0.5,1.31
Walkers Meaty Variety Multipack Crisps 22x25g,"6 x Smoky Bacon Flavour Potato Crisps
6 x Roast Chicken Flavour Potato Crisps
5 x Prawn Cocktail Flavour Crisps (with sugar and sweetener)
5 x Cheese & Onion Flavour Potato Crisps",crisps,514,2.4,55,4.5,1.2
Sensations Roast Chicken & Thyme Sharing Crisps 150g,Roasted Chicken & Thyme Flavour Potato Crisps,crisps,501,2.4,57.1,2.6,1.43
Walkers Less Salt Mild Cheese & Onion Multipack Crisps 6x25g,Mild Cheese & Onion Flavour Potato Crisps,crisps,515,2.4,54,2.6,0.62
Popchips Sea Salt & Vinegar Sharing Crisps 85g,Sea salt & vinegar flavour popped potato snacks,crisps,408,1.7,67,2.6,2.2
Hula Hoops Original Crisps 12x24g,Original Salted Potato Rings,crisps,499,2.2,65,0.5,1.4
Doritos Tangy Cheese Sharing Tortilla Chips Crisps 180g,Tangy Cheese Flavour Corn Chips,crisps,501,3.4,57.5,2.7,1.19
Jacob's Twiglets Crisps 150g,Crunchy Savoury Wholewheat Sticks,crisps,421,1.9,57,0.5,1.1
Sainsbury's Classic Variety Assorted Crisps 12x25g,Assorted Flavours potato crisps,crisps,532,3.3,50.8,2.9,1.18
Popchips Sour Cream & Onion Multipack Crisps 5pk,Sour cream & onion flavour popped potato snacks,crisps,413,1.6,61,4.5,1.9
Pringles Paprika Sharing Crisps 200g,Paprika Flavour Savoury Snack,crisps,518,2.7,56,3.7,1.4
Tyrrells Lightly Sea Salted Crisps 6x25g,Lightly sea salted potato crisps 6x25g.,crisps,2048,3,51.8,0.6,0.8
Jacob's Cracker Crisps Salt & Vinegar 150g,Sea Salt & Balsamic Vinegar Flavour Crisp Snack Biscuits,crisps,470,4.8,67,7.5,1.8
Kellogg's Crunchy Nut Not So Nutty! Granola 600g,Crunchy Oat Clusters.,crisps,481,11,60,19,0.85
Kellogg's Fruit Winders Strawberry Snack 5x17g,Strawberry & Pear Fruit Snack Roll,crisps,393,3.5,79,37,0.13
Kellogg's Fruit Winders Doubles Apple & Strawberry Rolls 5x17g,A delicious apple and strawberry fruit snack roll made with all natural colours and flavours,crisps,393,3.5,79,37,0.13
"Sainsbury's Thai Sweet Chilli Crisps, Taste The Difference 150g",Hand cooked potato crisps with Thai sweet chilli flavour seasoning,crisps,531,3.8,57.7,3.8,1.02
Hula Hoops Variety Pack Potato Ring Crisps 6x24g,"Salt & Vinegar Flavour Potato Rings
Original Salted Potato Rings
Cheese & Onion Flavour Potato Rings",crisps,502,2.3,64,1,2
Hula Hoops Puft Salted Crisps 6x15g,Salted Flavour Wheat & Potato Snacks,crisps,481,2,61,0.8,0.86
"Sainsbury's Vegetable Crisps, Taste the Difference 100g","Parsnip, sweet potato and beetroot crisps with sea salt",crisps,529,3.1,43.5,25.1,1.1
Kettle Chips Sour Cream & Sweet Onion Sharing Crisps 150g,Hand Cooked Potato Chips Sour Cream and Sweet Onion Seasoning.,crisps,2115,3.9,51.6,3.5,1.2
Pringles Prawn Cocktail Flavour Sharing Crisps 200g,Prawn Cocktail Flavour Savoury Snack,crisps,505,3.4,52,3.4,1.6
Tyrrells Cider Vinegar & Salt Sharing Crisps 150g,Sea salt & cider vinegar seasoned potato crisps.,crisps,2042,2.8,56,1.7,1.8
Pringles Cheese & Onion Sharing Crisps 200g,Cheese and Onion Savoury Snack,crisps,516,2.7,56,2.7,1.4
Tyrrells Mixed Root Vegetable Sharing Crisps 125g,Mixed root vegetable crisps with sea salt.,crisps,2244,4,40.6,23.6,1.1
Walkers Less Salt A Dash of Salt & Vinegar Multipack Crisps 6x25g,Dash of Salt & Vinegar Flavour Potato Crisps,crisps,513,2.4,54,1,0.67
Sensations Balsamic Vinegar & Caramelised Onion Sharing Crisps 150g,Balsamic Vinegar & Caramelised Onion Flavour Potato Crisps,crisps,472,1.8,59.2,2.3,1.41
Hula Hoops Puft Salt & Vinegar Crisps 6x15g,Salt & Vinegar Flavour Wheat & Potato Snacks,crisps,479,2,62,1.7,1.1
Doritos Lightly Salted Sharing Tortilla Chips Crisps 270g,Lightly Salted Corn Chips,crisps,489,2.8,61.2,1.2,0.72
Walkers Cheese & Onion Crisps 12x25g,Cheese & Onion Flavour Potato Crisps,crisps,514,2.4,54,2.6,1.2
Sainsbury's Prawn Cocktail Crisps 6x25g,Prawn Cocktail Flavour Potato Crisps with sugar and sweetener,crisps,532,3.3,50.8,2.9,1.18
Tyrrells Sweet Chilli & Red Pepper Sharing Crisps 150g,Sweet Chilli & Red Pepper Seasoned Potato Crisps.,crisps,2089,3,53.1,4.5,1.1
Tyrrells Cheddar Cheese & Chive Sharing Crisps 150g,Mature Cheddar Cheese & Chive Seasoned Potato Crisps.,crisps,2121,3.5,52.8,3.9,1.3
Jacob's Cracker Crisps Sour Cream & Chive 150g,Sour Cream & Chive Flavour Crisp Snack Biscuits,crisps,470,5,66.4,6.8,1.8
Walkers Meaty Variety Crisps 12x25g,"3 x Smoky Bacon Flavour Potato Crisps
3 x Roast Chicken Flavour Potato Crisps
3 x Prawn Cocktail Flavour Potato Crisps (with sugar and sweetener)
3 x Cheese & Onion Flavour Potato Crisps",crisps,514,2.4,55,4.5,1.2
Pringles Smokey Bacon Flavour Sharing Crisps 200g,Smokey Bacon Flavour Savoury Snack.,crisps,519,2.7,56,2.8,1.6
Popchips Sour Cream & Onion Sharing Crisps 85g,Sour cream & onion flavour popped potato snacks,crisps,413,1.6,61,4.5,1.9
Tyrrells Lentil Sharing Crisps Sour Cream & Onion 80g,Lentil snacks with sour cream & onion seasoning.,crisps,1967,1.7,58,3.4,2
Doritos Hint of Lime Sharing Tortilla Chips Crisps 270g,Hint of Lime Flavour Corn Chips,crisps,499,3.3,58.6,2.1,1.24
Tyrrells Lentil Sharing Crisps Sweet Chilli & Red Pepper 80g,Lentil snacks with sweet chilli & red pepper seasoning.,crisps,1959,1.6,59,5.3,2.1
Pom-Bear Cheese & Onion Multipack Crisps 6x13g,Cheese & Onion Flavour Teddy Shaped Potato Snack,crisps,495,2.7,62,2.9,1.4
McCoy's Meaty Variety Pack Crisps 6x25g,"Flame Grilled Steak Flavour Potato Crisps
Thai Sweet Chicken Flavour Potato Crisps
Flame Smoked Chorizo Flavour Potato Crisps",crisps,524,2.5,53,2.3,1.5
Popchips Original Chips Sharing Crisps 85g,Sea salt flavour popped potato snacks,crisps,410,1.3,62,2,2.1
Pipers Anglesey Sea Salt Sharing Crisps 150g,Sea Salt Flavour Potato Crisps,crisps,2223,3.3,57.2,0.5,0.94
Kettle Chips Variety Multipack Crisps 5x30g,"Sea Salt & Balsamic Vinegar of Modena - Hand Cooked Potato Chips with Sea Salt and ""Aceto Balsamico di Modena IGP"".
Mature Cheddar & Red Onion - Hand Cooked Potato Chips with Mature Cheddar Cheese and Red Onion Seasoning.
Lightly Salted - Hand Cooked Potato Chips, Lightly Salted.",crisps,2142,2.4,56.8,1.3,1.6
Sainsbury's Ridge Classic Variety Ridge Cut Assorted Crisps 6x27g,Assorted Flavours Ridged Potato Crisps,crisps,517,2.9,55.5,0.5,1.31
Sainsbury's Flame Grilled Steak Ridge Cut Crisps 6x27g,Flame grilled steak flavour ridged potato crisps,crisps,521,3.3,53.4,1.1,1.02
"Sainsbury's Coronation Chicken Flavour Hand Cooked Potato Crisps, Taste the Difference 150g",Hand cooked potato crisps with coronation chicken flavour seasoning.,crisps,493,2.9,54.3,1.8,1.16
McCoy's Cheddar & Onion Variety Pack Crisps 6x25g,Cheddar & Onion Flavour Potato Crisps,crisps,526,2.5,53,2.4,0.97
Walkers Sensations BBQ Beef Teriyaki Sharing Crisps 150g,BBQ Beef Teriyaki Flavour Potato Crisps,crisps,476,2.1,58.6,2.6,1.53
Walkers Max Strong Jalape?o & Cheese Sharing Crisps 150g,Jalapeno & Cheese Flavour Ridged Potato Crisps,crisps,531,2.8,51,2.6,1.32
Walkers Max Punchy Paprika Sharing Crisps 150g,Punchy Paprika Flavour Ridged Potato Crisps,crisps,530,2.7,51.2,3.7,1.63
Pipers Lye Cross Cheddar & Onion Sharing Crisps 150g,Cheddar & Onion Flavour Potato Crisps,crisps,2227,3.5,56.1,1.5,1.55
Pipers Great Berwick Longhorn Beef Crisps 150g,Longhorn Beef Flavour Potato Crisps,crisps,2197,3,51.8,1.6,1
Walkers Max Strong Hot Chicken Wings Sharing Crisps 150g,Hot Chicken Wings Flavour Ridged Potato Crisps,crisps,532,2.7,51.1,3.2,1.35
Pipers Burrow Hill Cider Vinegar & Sea Salt Sharing Crisps 150g,Cider Vinegar & Sea Salt Flavour Potato Crisps,crisps,2184,3,57,2.7,2.13
McCoy's Thai Sweet Chicken Multipack Crisps 6 Pack,Thai Sweet Chicken Flavour Potato Crisps,crisps,525,2.4,54,3.2,1.3
Doritos Flamin' Hot Tangy Cheese Sharing Tortilla Chips Crisps 180g,Flamin' Hot Tangy Cheese Flavour Corn Chips,crisps,499,3,57.6,3.2,1.19
Pringles Sizzl'N Extra Hot Cheese & Chilli Crisps 180g,Cheese & Chilli Flavour Savoury Snack.,crisps,520,2.8,58,2.9,1.3
Pringles Sizzl'N Kickin' Sour Cream Sharing Crisps 180g,Sour Cream Flavour Savoury Snack.,crisps,525,2.9,57,2.8,1.6
Pipers Kirkby Malham Chorizo Sharing Crisps 150g,Chorizo Flavour Potato Crisps,crisps,2196,3.1,56.9,5.6,2
Walkers Cheese & Onion Crisps 45g,Cheese & Onion Flavour Potato Crisps,crisps,514,2.4,54,2.6,1.2
Tyrrells English Smoky Barbecue Sharing Crisps 150g,Smoky barbecue flavour potato crisps,crisps,2066,2.8,57.8,3.7,1.2
Pipers Atlas Mountains Wild Thyme & Rosemary Sharing Crisps 150g,Wild Thyme & Rosemary Flavour Potato Crisps,crisps,2121,1.8,56.2,2,1.4
Tyrrells Sea Salt & Black Pepper Sharing Crisps 150g,Sea Salt & Black Pepper Seasoned Potato Crisps.,crisps,2072,2.9,53.4,1.4,1.3
Doritos Stax Ultimate Cheese Sharing Snacks Crisps 170g,Ultimate Cheese Flavour Corn Chips,crisps,519,2.6,60,2.3,1.3
Walkers Salt & Vinegar Crisps 45g,Salt and Vinegar Flavour Potato Crisps,crisps,514,2.4,54,0.4,1.6
Pringles Sizzl'n Spicy Sweet Chilli Crisps 180g,Sweet Chilli Flavour Savoury Snack.,crisps,519,2.7,58,4.7,1.3
Doritos Stax Sour Cream & Onion Sharing Snacks Crisps 170g,Sour Cream & Onion Flavour Corn Chips,crisps,529,2.2,63,1.9,1.4
Walkers Prawn Cocktail Crisps 45g,Prawn Cocktail Flavour Potato Crisps (with sugar and sweetener),crisps,513,2.4,55,1.9,1.2
Pringles Sizzl'N Spicy Chorizo Flavour Sharing Crisps 180g,Spicy Chorizo Flavour Savoury Snack.,crisps,520,2.7,58,4,1.3
Doritos Flame Grilled Steak Sharing Tortilla Chips Crisps 180g,Flame Grilled Steak Flavour Corn Chips,crisps,491,3.1,59,5.5,1.57
Walkers Max KFC Kentucky Fried Chicken Sharing Crisps 140g,Crispy Chicken Flavour Ridged Potato Crisps,crisps,509,2.5,52.7,3.7,1.19
